,n,k,t,speed,g
0,7,4,1,0.5714285714285714,B
1,7,1,3,0.14285714285714285,7F
2,15,11,1,0.7333333333333333,13
3,15,7,2,0.4666666666666667,1D1
4,15,5,3,0.3333333333333333,537
5,15,1,7,0.06666666666666667,7FFF
6,31,26,1,0.8387096774193549,25
7,31,21,2,0.6774193548387096,769
8,31,16,3,0.5161290322580645,8FAF
9,31,11,5,0.3548387096774194,1626D5
10,31,6,7,0.1935483870967742,32DEA27
11,31,1,15,0.03225806451612903,7FFFFFFF
12,63,57,1,0.9047619047619048,43
13,63,51,2,0.8095238095238095,1539
14,63,45,3,0.7142857142857143,782CF
15,63,39,4,0.6190476190476191,1DB2777
16,63,36,5,0.5714285714285714,86E8113
17,63,30,6,0.47619047619047616,37CD0EB67
18,63,24,7,0.38095238095238093,F69AC20921
19,63,18,10,0.2857142857142857,2F30B529D3D5
20,63,16,11,0.25396825396825395,CD930BDD3B2B
21,63,10,13,0.15873015873015872,2759262D5D506D
22,63,7,15,0.1111111111111111,153225B1D0D73DF
23,63,1,31,0.015873015873015872,7FFFFFFFFFFFFFFF
24,127,120,1,0.9448818897637795,83
25,127,113,2,0.889763779527559,547D
26,127,106,3,0.8346456692913385,29301B
27,127,99,4,0.7795275590551181,18A5793F
28,127,92,5,0.7244094488188977,E11CA9B57
29,127,85,6,0.6692913385826772,7767AD3EA6F
30,127,78,7,0.6141732283464567,292C316EEA273
31,127,71,9,0.5590551181102362,12B7F8913932C11
32,127,64,10,0.5039370078740157,F4845518B9582A1F
33,127,57,11,0.44881889763779526,41DA919D9EFB36A699
34,127,50,13,0.3937007874015748,29131F09AC7A1C06EE6F
35,127,43,14,0.33858267716535434,19A1630A2E2E0D166F0C5D
36,127,36,15,0.28346456692913385,D5306D6BFDBC8574719E70D
37,127,29,21,0.2283464566929134,5106DAE17A61E520C606A4E29
38,127,22,23,0.1732283464566929,3921BD09D78037A53FA89AEAE2B
39,127,15,27,0.11811023622047244,1657BC0A307F9382810E59A6D16BB
40,127,8,31,0.06299212598425197,AB31169C84A4DB8F41A8CBB0EBCFBF
41,127,1,63,0.007874015748031496,7FFFFFFFFFFFFFFFFFFFFFFFFFFFFFFF
42,255,247,1,0.9686274509803922,11D
43,255,239,2,0.9372549019607843,16F63
44,255,231,3,0.9058823529411765,1BBA1B5
45,255,223,4,0.8745098039215686,1EE5B42FD
46,255,215,5,0.8431372549019608,1337DD3AD11
47,255,207,6,0.8117647058823529,1C7EB85DF3C97
48,255,199,7,0.7803921568627451,1F36195C443A4E1
49,255,191,8,0.7490196078431373,16CE707E26B6F9977
50,255,187,9,0.7333333333333333,157B5976000B493CE9
51,255,179,10,0.7019607843137254,12CA7239EE08D439812D
52,255,171,11,0.6705882352941176,1B0E46229C4EE1F8C7319F
53,255,163,12,0.6392156862745098,1E810DA40F70569BE7529981
54,255,155,13,0.6078431372549019,1FBE960583ED41BD2A34D37F9B
55,255,147,14,0.5764705882352941,1D1160F75F3AD55887562C8413C9
56,255,139,15,0.5450980392156862,13180F68607DB8DE3A5D853CAEEF25
57,255,131,18,0.5137254901960784,11BCB6CCE6906958AA17F2231050EB39
58,255,123,19,0.4823529411764706,143182A510D807CF4435A9C614B2EA8CB7
59,255,115,21,0.45098039215686275,1855B6B7A2029D679E826017CEAB732E75DF
60,255,107,22,0.4196078431372549,1242FE9A4365732A1EC04EB9E207EBE7A0D921
61,255,99,23,0.38823529411764707,11AEDBAAE767C497861C81BE36955091F4698719
62,255,91,25,0.3568627450980392,1BD0B50C35E487AE9E67A9DAA48F6D1F2E8751C971
63,255,87,26,0.3411764705882353,120BDF38678D3D1D4CE718E7A1321BA5655DB27A2CF
64,255,79,27,0.30980392156862746,1B7003B9FD7D0020B87221DEC7CC8835ADC9FB585C4ED
65,255,71,29,0.2784313725490196,140A722A1A468D36D87A25364E685922A1E56FD1A478C1D
66,255,63,30,0.24705882352941178,11EC9E8B4E7646AB351EEFE380F6C49EB4B56F8BD770AC6C1
67,255,55,31,0.21568627450980393,1D9B1541D04805B06AF58C1A1635618D6F6822DE248B076778F
68,255,47,42,0.1843137254901961,156EC40F1969AE61B10BFE0C9B3E94DB865930940A360A5AAC67B
69,255,45,43,0.17647058823529413,6A085C2D4E1C4B241733FA27C1B9EE02938F93EC3682378545361
70,255,37,45,0.1450980392156863,52F3615A3703C30FF2752C7EB110EEF18F8D38D39F48ECEFC0C4803
71,255,29,47,0.11372549019607843,615E6D7B76399AD5C680A78BFC9AE251351027C260C159AF8440EEA1F
72,255,21,55,0.08235294117647059,55C8D578C1B5AE00FECD787C510D2EE182EAC7962A89ACA38C9B52E77D5
73,255,13,59,0.050980392156862744,4D0F680A2ABA5922D7BE62A06C046C6FE4B3EB8C0CF9BF45DE162E4C28167
74,255,9,63,0.03529411764705882,6F582A8F9D4CD021911AB5DA5CC61C9EE8A120F2CA4AFB136CFC5B8EFE9C2F
75,255,1,127,0.00392156862745098,7FFFFFFFFFFFFFFFFFFFFFFFFFFFFFFFFFFFFFFFFFFFFFFFFFFFFFFFFFFFFFFF
76,511,502,1,0.9823874755381604,211
77,511,493,2,0.9647749510763209,495C9
78,511,484,3,0.9471624266144814,D612B79
79,511,475,4,0.9295499021526419,1CC2B989A1
80,511,466,5,0.9119373776908023,24AEA6C8E3F3
81,511,457,6,0.8943248532289628,4C5BF84377EBC7
82,511,448,7,0.8767123287671232,870A4DF3A3E92805
83,511,439,8,0.8590998043052838,1B8BA069B8B1FFE26E5
84,511,430,9,0.8414872798434442,3D780318AF903DCC63397
85,511,421,10,0.8238747553816047,59FC9CAADD6988786938F4B
86,511,412,11,0.8062622309197651,B7EB0748431794CE3DFDCCE41
87,511,403,12,0.7886497064579256,1BDC7987AF64FCBADAFEA6A507A9
88,511,394,13,0.7710371819960861,242A4390B0DB762E20F3C62B85381B
89,511,385,14,0.7534246575342466,7FB660AFFF94FA96CA88EC0AC3664819
90,511,376,15,0.735812133072407,93BC9C6A8F56B4973961CCC8E4411BB683
91,511,367,17,0.7181996086105675,12B6BD0545DB34C1E01D5296E58C8ED2701AD
92,511,358,18,0.700587084148728,37C971B2CB288676E1C7EAE9B8701FF8425F6AD
93,511,349,19,0.6829745596868885,65A0A4E6F7D6A21E506DBAF7F818EB51B7BF850CB
94,511,340,20,0.6653620352250489,8787B17194F32690D909CA589DFBCE92F4241169FFF
95,511,331,21,0.6477495107632094,1B0693A246145E1C5FA8293CFF2B4697B67BF98E865ED1
96,511,322,22,0.6301369863013698,26BC66F68C4944BF1EDBDCA6E3DA9EA9E9465BF18FE3BA3B
97,511,313,23,0.6125244618395304,43E2302B9A1242FE53A4E271C77704D74A67E235EEF2A69F1F
98,511,304,25,0.5949119373776908,D23BC8A5D16DD74275579A1C38419D2ABB1A37C7E700EAB04EE9
99,511,295,26,0.5772994129158513,1256627F580D9E04954F3F5FEF5AF509B15831FCE854A7DCF926E1D
100,511,286,27,0.5596868884540117,2CF99C0D6BA5110D3FAD6127F7BF0EE60E7DC0EE654F5012EE5160339
101,511,277,28,0.5420743639921722,49278F514ACE4070C4BF7B0612B930CFF4A9617CF61E1FBF1680D59AC25
102,511,268,29,0.5244618395303327,A84E0A734BDCEB8D7D04CF0915A45D2D1FD59CC47438F323331560F750B81
103,511,259,30,0.5068493150684932,128B30927220D69F1D251F2419336DCFD5C1514EBB18ECE5FC364E88DA334C4F
104,511,250,31,0.4892367906066536,2075F61E33247165296BFBD7A93F355FB229AFE6AFBFE1DD4EB75BC6F39E7DCEA5
105,511,241,36,0.47162426614481406,4C598D564A1AC50B4C2CB234C41B82A35FE68ED85D768790CF61E03058954CDDC3D1
106,511,238,37,0.4657534246575342,2B626FD488EF96747B51047FB6CF092FF1F1FE5AA0C2FB4372AAD21D22D15B3885AFB
107,511,229,38,0.4481409001956947,6433C2ABFF31D39B590784479D5D6549182A3F8ADDE5EEBF757DF52A06A9D1FBF800645
108,511,220,39,0.43052837573385516,B61D1A810A98BF047CD8567F3BC740C66FADB4BE0D6582F50607F068F063E12CD238B6A2D
109,511,211,41,0.41291585127201563,1AFACB7265F767A72B944CD8262F8E5DA4FC52ABDA8671E54039803464E5C000FEDE5061FC03
110,511,202,42,0.3953033268101761,2ED1E0C733B4F46A358054DA50ACFBB41C7C3FCED6926A87E409C7DF0E976EC10F8AB2B5FDC93F
111,511,193,43,0.3776908023483366,4D34265B3E644DE782A00DA161A39C9DF8DB50C099F774A12F6AF580967715DEEEF77451ECE22A2D
112,511,184,45,0.36007827788649704,B42D3FEFB3F1C1FA4DCC3C1D7B45A90858DBD5EAAED59720C91F0E52F7D4E8ABD21E96A404766E8BB9
113,511,175,46,0.3424657534246575,1412C2E9BC6546FC7D4534299640DDBE1FDAEEC7E9C9B9989C76A065132FA3101F25C5FEFC5DE6F725D43
114,511,166,47,0.324853228962818,245FA4BBC1F4CCF88C92261F4CB9B290DB49EFF1A607E94497FDC54855DE2384A4E0F77700D29748C8DBC4B
115,511,157,51,0.30724070450097846,790793CC0308B48E764C1C9A8BE3D7A400A2627B6B3D74704850DA6E51907C38C00094F7DE0FCFCDA6196EB43
116,511,148,53,0.2896281800391389,C30B366283E55B61C186305812A68BF5DD07C5B8B5CBA5B86E38F67238E2BB7F94417643D133D09526BFC298531
117,511,139,54,0.2720156555772994,1FEB78C62B1C09FF2F9BD34C7C67D68F3F14B9954EE15B1F52E18C009BCE15BE29096BAF4F4AB6703C59C5C682D3F3
118,511,130,55,0.25440313111545987,2564444333B8EDACA8F25BF8556D001E4EAEF2913D36296D9AC37685977982841D7F289A29862A159EE5D8A9FA2D0CD1
119,511,121,58,0.23679060665362034,6C2B977EB7F555C2118484EB51E0BB239E85C7D32AD32AB51AFBFF1354A2BF3DDAEF0FB8CF82BF193EEFA3BE83E26EFEAF
120,511,112,59,0.2191780821917808,AD13D203F95ACB31E81417BEEC634554B2028EE8154315F2CA21C2F4CAC5164D465926748F75F6288AC4FF5BE94A94C356F5
121,511,103,61,0.20156555772994128,15BD09071F6BE793E821013451BF22F6699D31A4312B9EEDB831DE7AE88D563A05B78A783837A724B6C16B3B63EAEF63BE8111F
122,511,94,62,0.18395303326810175,21CCA5B2A43E2F58DFCA65F50615E97B24E8280E065520752C53C6D3C1C7A5CBAFACD77B04DC1BAEC9E225FAD60B3DFA887B2C6DD
123,511,85,63,0.16634050880626222,5931362E2B8B1E1132A00C576BC3176BDBF424B060769FEAA273F0D17CC0CDF91231913581A821C0071A100C25279294A4DACC1C8CD
124,511,76,85,0.1487279843444227,AD98BF9547F24B8A971BBA5F0C3B524C0F6F91DBE79D89B207848FFAD3B37791732AC9184A83A6E7CF2E2C8AAAAE28D8C59A7E1153E45
125,511,67,87,0.13111545988258316,1BD14F93F5736AFF6A9F8AA73A02856842B2EA071AD9BDC0D11DE9842FBDC0459C1024BFB0E5DFBD44B01D21DF55A5C18035AA69E3680621
126,511,58,91,0.11350293542074363,22FA8FC00877144B18D63464937C9F24869AA4A04647F6A4C15A6E9766C0A5249C266B2C40F0D1317A5A9A4B9461DDBFB1C2AB69818261B181
127,511,49,93,0.0958904109589041,600FB2AA594B8E8E7E023298E7F39A231AAA69F6249C6DFD5C9965453368B55D37694F479BC6F39C6E5D6F4DF777EC27E23FD0C7DC205D50F5BB
128,511,40,95,0.07827788649706457,8D746B0C0C2C186438E9F2CCB3B6D3156E644B25D384225BDEB08027BF490E54E82F927B85A04FDB27A73D4262C58F3D49005140F987F96F817D93
129,511,31,109,0.060665362035225046,1020681744D0B066A19097EFB6FF4CA0C1850F7402E340EBF973FC9C99A4E7694FEE05F294F207260F4A807BF6958B9FFA86BAD4E22ADFA6FBA40CBE5
130,511,28,111,0.0547945205479452,D1A288F07117F2C92B56772CDAF81B25CBB949041E74441BD723EA0A321041860F263DAC60AA228E4834824B986FF91FC4A987207BD75C0AC8145BB59
131,511,19,119,0.03718199608610567,169A12F978D89D11503EDAD09813826278BE039F7AD70D8632FF927610E24FA785A9FEB07D94ADDA483834B13071544089522430DE38F767A1E665B44DCB
132,511,10,127,0.019569471624266144,3C23D3242F19EDD450DA31F88B0AD7EAA0A5F224A7D1070CB28E5D0169D673F99A9B025B640D2BD762684F2AC6F3BDFEEE6E2A4E3B57260C3A46B7D98B821F
133,511,1,255,0.0019569471624266144,7FFFFFFFFFFFFFFFFFFFFFFFFFFFFFFFFFFFFFFFFFFFFFFFFFFFFFFFFFFFFFFFFFFFFFFFFFFFFFFFFFFFFFFFFFFFFFFFFFFFFFFFFFFFFFFFFFFFFFFFFFFFFFFF
134,1023,1013,1,0.9902248289345064,409
135,1023,1003,2,0.9804496578690127,101877
136,1023,993,3,0.9706744868035191,50A91113
137,1023,983,4,0.9608993157380255,182EBE91E9B
138,1023,973,5,0.9511241446725318,6F21CE1015FF9
139,1023,963,6,0.9413489736070382,1B642BB95045C4AD
140,1023,953,7,0.9315738025415444,68BE3CF3DB3D2C70CB
141,1023,943,8,0.9217986314760508,1F0F22579AB8400128CE5
142,1023,933,9,0.9120234604105572,5A756D8A96A24B479C95A19
143,1023,923,10,0.9022482893450635,104D3F9B412624870B9B662B93
144,1023,913,11,0.8924731182795699,7F6D77A4A8C6FB2E25D84213860D
145,1023,903,12,0.8826979472140762,1F939D5CD2128FFDE767C26B988EEAF
146,1023,893,13,0.8729227761485826,620F2F23E56CD665C03D9BCE350D0F511
147,1023,883,14,0.863147605083089,13F79793D7AA292C354FA652E006661177CB
148,1023,873,15,0.8533724340175953,5F7BB5C05D5AC00289B97E1040FF529180151B
149,1023,863,16,0.8435972629521017,1C81746E78492374F633AE021BADD04C082FCC64D
150,1023,858,17,0.8387096774193549,2D2B6CD8CD692ECD13A2F467867131E5DEEEBD4061
151,1023,848,18,0.8289345063538612,EC5EA1AA4AF7CF31EFC0F10BC5CB2410B5EA579280B3
152,1023,838,19,0.8191593352883676,2A231FBEAD1FB7FEE9B7AB443CCF40C99038E4713C4A275
153,1023,828,20,0.8093841642228738,A2D2504B267A6C03E42F419120B8BFD6581D0265E98FE260B
154,1023,818,21,0.7996089931573802,246357C48E640AF510F7F4D0C8B9D7D2BC65B031E8E6A2E6DF07
155,1023,808,22,0.7898338220918866,B6AF44431FEF25D35FB0108CB058628C216A63C4EB5D90E61ECC4F
156,1023,798,23,0.7800586510263929,3AAEA2A02517E25294CF2D022706F9D330D67C8BD6CF854D60282235F
157,1023,788,24,0.7702834799608993,94C3656EB015EFA98D0C2697228A3D1A9BC3ACD02931E4B1EBDCDBAB9B5
158,1023,778,25,0.7605083088954057,3C0F31BF4831DE91D570E06959C943D1BBCF25AD647C72E04811856B79A271
159,1023,768,26,0.750733137829912,C405F08E6F047DB93A6B177A5D2A4AD2395AF33E42205ED9D2A9B5AB3E1B0837
160,1023,758,27,0.7409579667644184,3B26CFCA73CE28B1CA88688F1B26CC1516FF81518226EE9BCB2F3A87751303589BD
161,1023,748,28,0.7311827956989247,A700EBA018193D3F10E3CD414B60E0DD55AD8A17C02308577AAC4A5F17ECC5FFFD38F
162,1023,738,29,0.7214076246334311,3F1154D79F7C94B23686E83CEBC671415A0892BDE1B00E06BE192C7BA1BF88DE5F1F2ABF
163,1023,728,30,0.7116324535679375,B8A20A033D0B2CF2C7AA9A9B1B220A01F3502A4A94D11B4FB523A2650CBEF0439FE824BE57
164,1023,718,31,0.7018572825024438,344403676B3C051BDE7AD2B7F754CB67B7E863FD12501CA6AE11A7C1CBC01E7E779355AFAF629
165,1023,708,34,0.6920821114369502,A475FE99E3EFB04FFBB89BB0E12AE63359AF7F7CA74BD69B6FC9ED9AACA28961B045792DAD7B865
166,1023,698,35,0.6823069403714564,24E21F1EA7CBEAAF4599326DC9DBF9E8D76F74D903CB4D9CB27971FB679FDE886A4D33A3F88DBC62A5
167,1023,688,36,0.6725317693059628,C326CDDFE33B928AEB6B40B14884C56819001B5C329431EDB644DC1580B9825C4C01789FCAC97564A87F
168,1023,678,37,0.6627565982404692,27B7022094EC5BBEB9E5A03F9BF44F518510F460305D4756EEE4CFD798B81C38D62E2339359B8692C4C3BBD
169,1023,668,38,0.6529814271749755,BADBC79F295A17A0790FEFA34F865974B1B1DFC8D33EF6962C66246519DD05AD6F67F61E16883A1591F938D0B
170,1023,658,39,0.6432062561094819,255AD6B97D40377A47E733E638E3384864F29FC758029986196E92EBEF94D9C3B4E32B9CC9E270BDD4420191D845
171,1023,648,41,0.6334310850439883,8AC15AE1152A0DE182BDC97504737DB74D2F1928A583D246BE357DC15C0048AAD8573DFB3E4187C2459C08DD3526BB
172,1023,638,42,0.6236559139784946,3F8157F96D32EF99C76C3803D502A6C82E85F43F6D9FC6FA0C5B1C7FC6C25DB523763A5859A428E5A988D5AE9A56F7CFD
173,1023,628,43,0.613880742913001,D11A70B9DA2F015A85E5CEA595E2CA4EF0B83A1E0A4810815E29A5F5B04ADD467C2002248C03E9E20951668051744E23E33
174,1023,618,44,0.6041055718475073,31EFBAF60842B129A7AB665D671380A173FE7821A40CE46F10B9748DB2D2EB0DC2405291A55E2B5A751FAAAB3FBECDA29B96EB
175,1023,608,45,0.5943304007820137,D0B9AD950586D67D629E159A324760745B9D5E74D50A326BF2EF8C5405A7715365DAB33EC0AF4A7753AC31AC4C8E3789C10EED61
176,1023,598,46,0.5845552297165201,29F47CBC4AE2EB4160C99B238A32731EB9F7EFC0EE4C973DDD25CB720DBFD3CC9AA26BE3212691782756CE4E7DD4439906C551FD455
177,1023,588,47,0.5747800586510264,C579F08A593497A03D1BF07D2E0899824F0278A791865328B3AED5C90AAEE092F778AB2E59F364CFC18F1C6B604AB879651BC6694D433
178,1023,578,49,0.5650048875855328,33FC61E281A840F55DC4337D5DFF779A66D5A3839699F8D127E582D6DA465F31FE7F90910ADB11862FEA9E657F3D078AD7D7BE42D838C25F
179,1023,573,50,0.5601173020527859,5DBBF07D5ABD5D334F599C00CF1E5CC2D87C622C15B6D7D017550FB96EB7D88B5D375E8C6C2D25C35CC6FF1C269C39F43A0AA17BA8C3E218D
180,1023,563,51,0.5503421309872922,17E9E3448A3477DAB3085B08F20112D5AE5846A0E28835E8C4F4E365E00A84F42E3BBC130E38CC329CC4AC968932B6DFFEA69A4EE9E5A275AE71
181,1023,553,52,0.5405669599217986,611373263F16D5632D4D72C61F4D0625E154B71DA31FE84EF6D2C2CFE756B39083EF1F927F47DF49673340E5DC80BDC55917D3B71662B784C1864D
182,1023,543,53,0.530791788856305,116D69838505620B27D86076D011972F9AFA3F1DBE8B932565395114428BEE22139F15C68BC0824467834FA0940D4EC897963B4E4ED7F705ABA145663
183,1023,533,54,0.5210166177908113,609552E42803C0AB9DB8C8412332A193E11FC25F74E8924AF361FED6E5B588FDBC60CDB9D162F1F4E538B617E2D9EF0C4331964A244A260354175999DEB
184,1023,523,55,0.5112414467253177,18F640B7099D771F8578412756F454F1903FBAE79A171C09D6733E1796AD89A53B63A0D305291B538C6FE659F10908C5DA169FF02235C2A3F3273E9D88C0F1
185,1023,513,57,0.501466275659824,6442EC3B4D91F1512C67180592F81F482F42BE46DFD6FFC1AB4D9178FECC6AFD1FADF59490B3C1021EF62EBECD65EAB30D108A63921F784AEB722F7B3F26B643
186,1023,503,58,0.4916911045943304,1D5892E0573F16400C05E95D88756005FF1E906F81E8B502CD283F3B7BFE5C02C2876844A8AE78ABC81816D40200115E234CEAE199676BFB28E963720264DD551D9
187,1023,493,59,0.48191593352883677,7AEC17DA90FEE4E076B925EE8CA3B87576030A9C2CC6A8C76A420945051DB77653A0DF9EDD89E4CD8D6509F73D324C59D1983BE55DEA309AA730083ECA96141C54A01
188,1023,483,60,0.47214076246334313,10425E0D2D400F93D0E7D050327DBBDAE0AC0D00D66794C91A354430AE87CCEFD30791CC4C20468D9AE2DA185929CDAB128D17C8BCBD1E3A5ABCFE25354739693EDFA85B
189,1023,473,61,0.46236559139784944,6BD56F73FF4AE77D8B0D44F302E3826B6B08ED01868D74A58DA518E136CA22EC76CB488362B15D6B80A74618B8CAAFFAD544FAC9B9705B1D1E06D2F27813394121CDCEA561
190,1023,463,62,0.4525904203323558,115FC8FC3B0FF50E0141907D2CF8654B4CCE10539884C15465D2CBE31722C84896B6A8448985F369950FE016CB9412FB47D5FEF2A7C7FF4B996EE5722BD808E6AB65C785ED471
191,1023,453,63,0.44281524926686217,6B29FB81755F361589748CBF4A7F8C2994BC23C42AE153C72316BD88DF80454D51D7B90017362BE8B8714798789CF7CA19A45314D825C4313613FA2C15E1EC15E29C66F8678D6B1
192,1023,443,73,0.43304007820136853,18A665FD3869AFF48AE79651385129E3AC61705B20E3C216F2FB66F304CCBA9CD4CDCC19751C7A4E3D1820C2B422FF9C32805E16E24C3B06825534FFDBF2BB4FF275BCD941493F196F
193,1023,433,74,0.4232649071358749,6B48FC17749FB4445FFEC04F8869C0FA895FE46F517E134D2ADF501D97CF954D9FDA8870AA12CB84A52826E6ACD3DF5754DDC8C166B5653710380A6071DAE4AE3D97FB0DABB52FF7CA0B
194,1023,423,75,0.41348973607038125,17CC0ECBE06AEA3B8D0D96864B85BD0D38FF98750C0070CC455EFB75CC2157739E2C2290D44CDCC460293DC84FC3A62A48586C4E085286810FAC365C4C27544D87862AD8A1800D35FE87897
195,1023,413,77,0.40371456500488756,658A65A416F9A10FE90C5ED5BDA3013F00D9C5DDF08D5C0C9E7661DCA8AEAFE3DA9F4582A7BBC11968BABFFD2EFDC5B49ACA500FB6BF93D18EBEA968313C603D6BE5977AA811A22273B8C8F77
196,1023,403,78,0.3939393939393939,1AB1431BE56E45430DD37B14EE7B95F4CA416DAC9B6169209CD41BEC85A15E652016F39120E5FF903E98D98B59D0F5F56A559BAE8857537D991896FDBF3F0E38D612CED940EA4F16F88A62037DAF
197,1023,393,79,0.3841642228739003,75746E0C0625C9524528C8B56B8505F5F390651BD226123CBE682D2B735BB2B5CA2AD3CBF531C03AFD39FD5344F9F752803072FB5DCF6355427C176770D3ADF12ED5BEF49AA2C5C3F75DF37825A6A9
198,1023,383,82,0.37438905180840665,1106DCE8672F33DD1FE00AA2E67E7B44384DC8E5A7516B0001ECE6C9047A4D52BC7F016D18B4EA1C99BC1839B0D58F9C9253093F48BC354F72A0E4AC7EBF1A482DADDF2F5210C57A43FEF5EF2287BC62F
199,1023,378,83,0.36950146627565983,2B9EBA6A7BBB0D6961CE10BE91A42C9E2F39A937C77F75300331709A1A8E18D90D06727A6CB8EF96B63DFDEC22CC800EA4AAA672C1ADB36DAB3BB54405CA4810CF578C3BF808E41E023D7E772664DD32B7
200,1023,368,85,0.3597262952101662,B6E485231B9F6C276E2BBFA752B7843FA5D1FF47D34C2B7E5DC14C88AD0A59812BBCCFB47A78A84F28185058E0F56DBF44E7622D3566E355CA9463C0185525144D6E642C6EAC509E8B0626D1CCF8560D0009
201,1023,358,86,0.34995112414467255,3C74A2FABA5C21C7489C1695592CAEE24DB649A1A90D9F9B800D3904F7C8B1E55AA635C02F8F1D0DDA493667BF61C0B855169648898F748F7842207629B7AAD2F7D9A5721B5B5A0B9CDA963B327CB11159130A5
202,1023,348,87,0.34017595307917886,9A8D1788F5216BF6DF178C2C39E2F2558155D6563B6F7CA986ABDD2E00A06550E1D40B6BBE4C2382D47146ADC31D24AEAFEB273064EF7CE45392A4F7FA0D009C72CB3FCF3F8F4848B479E23933818B25C571AB9C3
203,1023,338,89,0.3304007820136852,38EC13C8B5DFE09A0E9B6970F4C4CD82BE98D64B402B6606311AFA71DE5362AC041AE11DA7C77E6FCD8484C7EDC0AED8D790B788B7E2BE1A7C4B561AC8CE7D29D6B3B9EB4AB5695F478970EC81725FF952417BD43857
204,1023,328,90,0.3206256109481916,8FE1EDDA6B3493F56A6C83B8B7AA296F4F54C0FA31AF9741896AAD35D5EE36C9D677FB2AF3E946DA5A78F85162E0746684C0FFFC26B62C1EFE004EB51A4C8DF47B9366F8ABFADD4F978858EACF1E0F4B7767EFB7F8236F
205,1023,318,91,0.31085043988269795,3C6BC3F19A58F26D91AE1F2BBF7764D46A78F05EC7C37BFC3CEBCFE131B89B62A344FBAED9925C74C25526AC5ABF74E628AF5F6F5CCC150850193DBB1AA0ABD6CB93C42DA6AFBBF439DE3EF7B7CCA9A1813096B87F2BA2979
206,1023,308,93,0.3010752688172043,B44506809F9F924C98336776B383C135992E7CCB39213048A3C2A2B73A322F3650AC1B77323FF838A7F6F381A26C895B58D2AA6BE0146FFACB7F367CBCF3352DE4D539BDDC0A1030C07953897CDE5E75EF1DF67D9756E29FAA7
207,1023,298,94,0.2913000977517107,3E1D9C55F8C6F4556624A1E765CB4EAE2798FA350ED8B9C66F34256C16A670FBD24AC4AFF9E652C9759F57DF89B76ADDA48BD304E74131233CF5BADDA5A1C1B9B32E3888D6C954AEA12EADCEE18254D213791A41C33973366C91BB
208,1023,288,95,0.28152492668621704,F070836CDC3BF9D69275563A8B48DD15211E6011861CB79AA04A442969DF7B5FCB86244C16D63F39FE37C18A551C452529715EC735156DB33E302C552DB5ACFD5CC3D959ED3576F90B37BA07B17B0A1BFD6087F18609F5E7BE45076D
209,1023,278,102,0.27174975562072334,2B892A1684026EA94DB8B834A3608A34F94C7241F687D1C35557F58493B3C1A95CD52CF2B64E8D01A9C47179AE47CA9DA987E785C432658C0C293E4E2F492CA70BB2267468F883755FCC3404F445519A6D714AC2A881E9B528F6B22299D
210,1023,268,103,0.2619745845552297,BAC0EF7FDDA498372185B0C124CCC80663564723ECF31910A0A16B62AE3FAC3E6C3DF3A10075D5797C47924229BC3933396ADAC152BD6174C2C554AF098BB6DF7A50CDB2A86081F1E5C8FFED81890BDAFEA197E2A4FADF79419F3FDC58CCF
211,1023,258,106,0.25219941348973607,33AE75C3596BA24F899176C200D04D27B9D12762669D722BD2F5A0F31DD8C8AE3E829711414416F1651172D79F117A7F105733303465614933FE780943E3468C7DDCE668B5EA07F72ADED8483B7112FE6B85EEBE76803FBD4E4B048D369C87E3
212,1023,248,107,0.24242424242424243,E633FE43FAC6A1863F5339EA75F3A946ACE4C17E5C5098B4EF961AAF5842ADD7BB963AAC492BEBAFCD0AAFCE91748146519755972D7B8674640CB2E0287AF46C84F440814F98D598C64EAD62D12CDAF7E7085CB541875CD02906A19E5A2652578D
213,1023,238,109,0.23264907135874877,311C5B45BD01D65CC9C6376B23C0F5E7EDA35D8D6B6ECF5B30F18280AD1395B75A8CC9C246C7DE65949C9184580A32055B362D4E77CAA57D73EDDBAFE788B7B9129451E947E8B6B513C5CD559C5FD6BD783AB03F0FA28ED3E4C96A5BA4AB2DE3AD9AD
214,1023,228,110,0.22287390029325513,E968ABAC13A34CCB651EA365D95A8E33F61162A6EE89B8313CE91C2CD562CD640E8E3509C27F37C6AE4ABC627C3E5DD04B22AEEA87490340EA03BD0E583C62071372C745E44507853BF91071303FC1C90AF03AE960853D3A8B9F4FCEAC0C29BC7C97435
215,1023,218,111,0.2130987292277615,2AD75DFE37334B8A4C402C16E6E552F0BACD5F984CD6C196152B023F2985C89152E9B1AB2E4143F55795F2EAEBDEA2F2BB585FE1823E4D93FE590F9ED87A02FC6F23F2D81F0486A39124A95DF370288DE679ED8674FD603EC5655AD57BE2B79A5F0904108D
216,1023,208,115,0.20332355816226785,FB28AD9172A62E294375AD68C7FE3464BBA792835A13D081721EEBCFD3A3989F1031DCB887D8E40D7B87521A64F8BE58F4ECF2995B48A3A1A61A3D84EFAADC5FE2FFFCB2F9989181392AD4EBBF7046B753A4CEFE6B37E4618223859437A78FC77AF415F56D19
217,1023,203,117,0.198435972629521,1603A3F1017C7C248D87DCE76BF7D63554DF5F5BC1DDEDEDB164E7A729A7B2F74AB4FADC95303CCD04982C04175A501EBF6903F9DFEA02B7C1781BC279425FC81D40FFBD306CF616BE35DE09AD231E43FC271E14DA3165C586F13049D86B5DEAEAA97F704FAD53
218,1023,193,118,0.18866080156402737,715B37AE185B8147D5BD949B2D8178A18FFCF26829F0E9F8269E71B07329090513B7894EA8AE94CD514DEABD4AD52170806B1FFE94664905CE03F6E0D5798A23706AFB6237636880FFFA945DF4A873B123CE4E5522FC18FB033DB3B514AB517A069D497A619796E1
219,1023,183,119,0.17888563049853373,173CEE79FD5C093A16F020B6C6ABD0D862C47958D0BD8E024F38F17120D3E74F5A66DF1B1D13F15F0B20060834B95BF1353BFD09906DCB6B7EC7CCA47160E8ED39B8AE251F8AB9B283CE6126D6201769E47D3A863349C4CD95FEE6441C169CC910127E0E81FAF07A2A5
220,1023,173,122,0.16911045943304007,4F16146C855C7B30CF8378A8019589B07E649896A15C3DC1CB0B2D28AE478661FC45495D5E9A8CB788EBFFD850B6D9F56842EA4E103649DAFDFD26B192FB5D76C1039C908CE4EFA319B3F0C1A668AE068F6C3E328310C7DA1ECCD012F6DC40C5FA2E412DE7F5C65ACDF6B
221,1023,163,123,0.15933528836754643,1096590DAA818E20099DD0E440EFE43DAA8BEFECEB1ADCA5D7D8CCEE54FBB62B0962B83E0AAA527166C4BBB7BC7BFD0EC6FF32FCFBA9F7E9E877F498E91F71A15790A56C0846785E40305BB65E4330E8EC56F349915801EAB4183E3D644859E07B937232F8FA8A90FD3A6187
222,1023,153,125,0.1495601173020528,6761FA85835AC5DA57313011BE9A91AED36507A175A553906B5CF00B5DDA55AA880C9943FF48874D9C81FA90BEC27D6234F663E22212B79631155E69E53FD83D477F47DC879C455AF26D9FB488F8AB196BD76C72D935EC072A8AA342470F1AD3270345B4FB28925980D493D149
223,1023,143,126,0.13978494623655913,1717755C2FD6F5C5CC2D53D1AC13E562F626AFA55CC84F1870DF1FD8D17E4CC017B473DF31020C7E59F3635B0BDDB1EBCB3E2D7F4483BF704E8FE2925F6FCF2633F9A8632614FEFA1FF03349D4F2DC5909BB0AEFC55AA4B6C15F5399415944C67D859A69E49B45548F936FCFE6355
224,1023,133,127,0.1300097751710655,4C7A84A542AD97EEF3DACF4A9376E6F8AF074982761EA113B9FF9BA962265B248E699A5C005BFD1B1D25A9E9DC2C71B287A5E85F1079593C1E8CE3CF6CB9965C90ADAF537026B18D5E2D04E6814FB37C150739BC360891721A9F7C3AA50077321D3FA3835AA772BC5747F595B44DDB5
225,1023,123,170,0.12023460410557185,1C314A7ACC95481E84C1AD19FFB68B571E2385F07FB202952E2B8F01136828A36C8A663205DAE5631C677ACC0130F40B5672CC85AA6425A736AFE56687E1C912FE78636BEBB926AD5B88BB1C620C88E791D8337D32509B6763A8955C413247E706F3C84EAAB7D4319332375D74273A0C35
226,1023,121,171,0.11827956989247312,5496F76467EAF8599E44434DFE01B0A55AEA99D17E1E0DEBCAD2AD077818DB6807B7329E1904BA29553464640792CC30A35C6798573CF875814FBA3197A57F7CFB692813922FF14282BB21552E27BAB6F50898739FB3C0342A5BEA95C79FD7B510DB79E955072C94F99E84924CF5A6248B
227,1023,111,173,0.10850439882697947,1A90BD1DAA72D50D2B12CFB8130120287CBDD709B72CD5718D22764B53E9330C31E5A3C9FB83A5EFFF8763DAC82A007CD15943E751B770E15D174D1B4847430F84764CE3306A6C667F997DA1030F3DA2E7EE22EE7C6FC9E4ED0F7C0546643C544EAD8B75138EC97DDC39367048B1FA6926B4F
228,1023,101,175,0.09872922776148582,7659D7EB4FDBA305DAE075E693F0EBE3E9E038941C8DC0944874546E154388AAEE586AF831615FC5CE7BBDE335D0FF902519F747EAF5B6CD5DE893E796935637643E76821889F852B49A7FCBACF515072685138B204FAC544F46429501A76E549B6332E18662CD8E5DB7E977E883BF594EA1D11
229,1023,91,181,0.08895405669599218,105A7FF9510A30ABFE210ADA01FFF4BB777C02AC6CB80C86F1730F3962C1468CAE22A8ADF13D07D1BD0142107C3CADBA1BBF9EBD1E075E5CA149A6584BDCC621E4F436D00A366BF62B461C3D8DC3464A2FE21A0506F68A3BB46BCE39636270687C73A524C56758487147BB8E7FC0F87A3F9364264F
230,1023,86,183,0.08406647116324535,25A7C7F363464E77BC2847AF239FEB138450C5D904959AE431ADED4F0B1EC8D2BD2FD1FA41269E2A0E92C085E0B5BAC1102B233EAA6F1ECBA0D5BF4301F371A9AE9A237916422BAEBEE9DEB7A02A696276C2932B1C3FDE5A3E8BD31F082A5BCC603C9952F7C1130679CAE247878DC16D533B2707693
231,1023,76,187,0.07429130009775171,B4485A5811F7B784D4631EF8D11B5B911C6B53A7D32A74A0674F4E3C3DC84DA238477F2A68C6D4B207A2F94C3D1973B6AE51A7260D68DC4355B180EB01164B1AF9A86B70A91BB90318CF02057AA5F7D63C67789661099F49C3ADA236A26D0BD2342B8C90D7D7A1881A142F4C7496742CD205630977C17
232,1023,66,189,0.06451612903225806,2DDA2C7243E1831BEADECBD9E146177143DE56725379DA5C8B989C41419D91944F982EA21D51AD4A0D4D5F4722A95EEC10AC61CE8DB2671863733E026AB45B5E5EFE961E899BAF709450D732F86789DB3AD75548E9EDB87CBB25C24C2BAAA4E8FF8A953500715C81301531A2D0B12CBF47C3FE1E22F6F183
233,1023,56,191,0.05474095796676442,EB7B08A1BBCC8683FEA49561E80E02DAE248C127DBF41622F72B181E7FA3DEA681B4A83B43C8748338F05F128C6526C3A4854BA77D6027F6885B89971B51189B73AFB607554FEE7631C0571EFD328BC14BA044E51D537DAAB12B908A5AE271DF0BC830A07A2FA3C912ED3B74F888CB18B0DB0F9CB2AB54F6D9
234,1023,46,219,0.044965786901270774,3306C395DAE4C21517760BC965A793ED5AB24CEEEE16A61F6F9397310D97C67CBFB3B3AC33B417568C8923DF2A37EDF1129E4508C0CD84B6FC1B15EAF30CBE3C1F27BA477B0D7D0C240D7E1E1126819800494545497DF2B5E2D659F34BF2BE5FA022802838E146C253D7612CBC1F5291151A90111CF2BAB51FC3D
235,1023,36,223,0.03519061583577713,9AB9369AB014BC045E5111F1D014F447D231DDA0EC0A794FA40D2601A71EC84382DF3B641DAD29B06ED0C6CB39F27889BB8FE4B1F42E27D49B7499A3E2CED66D2859AA57C2F386871A9E8FC1CC941D5549FBB054701873FFFBA2CBCA1F91CD40048F455AF18262F3D1A275F238A914638D7F1C863044D38505E8463
236,1023,26,239,0.02541544477028348,39F6B4CD951574CC319F9068D9D369A2A54887A36483F44D36820A1D29EAB2C6962BDFC0299D0299B01987D3DC4EE79550C7E411A360D7F266EDBC3DA9DA22A9DECC1233EBC284DB4940B53AC779CEB5D0F2699BF11B6B793E0EFFB7F882CA26F5D5A65ED7F03C089CBD68C4393E324206A8BBDB9F846AB6696FA5339B
237,1023,16,247,0.015640273704789834,C1E597DFB270209848A33E0845E7757F25E0A9131ABA6BD6472289F09BF61E8FBD1121C3D9628A97FF628F9F45830CC50405AFA2910DCC9A3773C922B09F1D9D8A6EF6B81406B0087C88F314B101E2BA2F7F02BCB13D8586A568B9B69EAB277AC7FD9E1C9690015A120A9B20DE65BBD0F125D9C695712E8A9DEE174C99F1
238,1023,11,255,0.010752688172043012,1C7626A215C2D5F402AA178B734A614E606AB33582C7B9375908A8CC4462B17C2479DAD32EE968B3A7EB6821CE44F0D8D3BC80C72B5EF69051D1BC12AE84C60F8DA9A1A3EA4CF2917502E3235CBF36EFB258654F44B9EC0470FC49D766F96C20EA97AFE92187702714AF327CFF24A287AB7A6CFBB7EFFB6CB2833837103C7F
239,1023,1,511,0.0009775171065493646,7FFFFFFFFFFFFFFFFFFFFFFFFFFFFFFFFFFFFFFFFFFFFFFFFFFFFFFFFFFFFFFFFFFFFFFFFFFFFFFFFFFFFFFFFFFFFFFFFFFFFFFFFFFFFFFFFFFFFFFFFFFFFFFFFFFFFFFFFFFFFFFFFFFFFFFFFFFFFFFFFFFFFFFFFFFFFFFFFFFFFFFFFFFFFFFFFFFFFFFFFFFFFFFFFFFFFFFFFFFFFFFFFFFFFFFFFFFFFFFFFFFFFFFFFFFFFFFF
240,2047,2036,1,0.9946262823644357,805
241,2047,2025,2,0.9892525647288715,4905B1
242,2047,2014,3,0.9838788470933073,26F8A6E7D
243,2047,2003,4,0.978505129457743,13290FCE83C1
244,2047,1992,5,0.9731314118221788,D52A8400919ECD
245,2047,1981,6,0.9677576941866145,4855797AB7D105E3F
246,2047,1970,7,0.9623839765510503,2596CC52FCA5E3DD5261
247,2047,1959,8,0.9570102589154861,106C013CA21F889A28D6DD3
248,2047,1948,9,0.9516365412799218,81DE5DC82449691F7C93FFA8D
249,2047,1937,10,0.9462628236443575,504D1D2EBB0F1D7EFCBF489ED547
250,2047,1926,11,0.9408891060087934,25F6D4664D093A23BF2AA0C4AF17939
251,2047,1915,12,0.9355153883732291,114AE047C58AC6994F6018ACE44320A287
252,2047,1904,13,0.9301416707376648,9C8E0BC77523552ADE35F9F18C196B661FFD
253,2047,1893,14,0.9247679531021006,6D486763BC2621D6C62127AE81097354B74C2BF
254,2047,1882,15,0.9193942354665364,28C2EE34986FF459BF5614B6D725974590E453CAA9
255,2047,1871,16,0.9140205178309722,1A3E8171DBCA4EE1E7CDCA7DAFB8D8F39807285166007
256,2047,1860,17,0.9086468001954079,87E334D6B82E706F93ED31569CF15F032291BD1E072C813
257,2047,1849,18,0.9032730825598436,49B9A30B15B0EF8B939A3AE43D0A8C4F9F110EDE0D9983679F
258,2047,1838,19,0.8978993649242795,2EF269C4811CC7466C19185FF5D0D56D485324027F8C0243C9D95
259,2047,1827,20,0.8925256472887152,13A4CD451DFE0A6C9EF00E7C95E360D82BC4159BA5237C3D2B8685CF
260,2047,1816,21,0.8871519296531509,B409D4E0AAF11FF1940B9A9ACC23165D49548FBE0DD703BA9EF8F8129F
261,2047,1805,22,0.8817782120175867,4FD8A9B5DD2DACC72BBBC9AF1F3BD33CD40E4689D9967251DF9D1A10E9DB7
262,2047,1794,23,0.8764044943820225,32EFF529C5448D86D53630717D1C02F24D38EF629F1EE275894D4C5EB8FCEE4D
263,2047,1783,24,0.8710307767464582,1311724B1547752D3E86BE06A99F29D62BDD13ED3D43D0050C4FA58DDD14C9D388F
264,2047,1772,25,0.865657059110894,A07F7BD2C9BF2D1F239671F27B150C32DAE353DFF8FCB1749EF7CBD4F561F0F2B71B7
265,2047,1761,26,0.8602833414753297,4199D1C1C440AE9B4274EA5E0C6C2BA2510D946C1EA158651B85BA792A0DFE0F654A6747
266,2047,1750,27,0.8549096238397655,33BC798ACE56A7115AB1CFAA74DD9E8701F287D10832E3E1E425A11A8480BA938F8B7FA6295
267,2047,1739,28,0.8495359062042013,14B62490DF07814D8899E9B9DB626700D37A9049DBC0C4484AD6C549ABAE7E6F58A406CF86C0BD
268,2047,1728,29,0.844162188568637,95E41436288B4FE02AA7091D3BB05892AB6FE95AEF2C67784EBD4E92D79A55D1B128C33101DC0A53
269,2047,1717,30,0.8387884709330727,413F2FD546F46904856B62271B5F4DD8752DB683FBB3E9481E6B590EED213B725B06C591A845A1EB69D
270,2047,1706,31,0.8334147532975086,2314FF860B8FC1FAEDC9C7F8455F2ADAF5860999822278A76B026B2CB77980EA25A4F215658BE4648A64FD
271,2047,1695,33,0.8280410356619443,1E29B5C67999CF994D38A6AFFBF4478C7B5F186690A415AFDFE3C5497E86FB13EF32906349A4961D2D63A14A3
272,2047,1684,34,0.82266731802638,9FB31F65042F4EAFB6E98E0018A4018080025739E97A656A965B143E92C2BDADAAAF18CE2DAD902FDA5F686FFFB
273,2047,1673,35,0.8172936003908158,669FC020F150EDE33D2C91B7AB77F97067F987ECB48CE2E9129AB2029D4127379A868D0CA5708BA84CD5A98528CCA9
274,2047,1662,36,0.8119198827552516,22D014F3CBC77370C7D5EEF57E0C330E110E5D948E7662A6721375E72CD3C5AEE6F6386567128BEDDFEC38052FA9AF285
275,2047,1651,37,0.8065461651196874,1802189B70B1094DAFA5583545897D338909DFA0D029060A3D98F440D4463248B495A6DD14DD8F13595418176B550B6A98EF
276,2047,1640,38,0.8011724474841231,ADD18539884CEC572ED9226E462A8A6B0AC2CCB1C6CAE40E91014CAC5663F3F85CF7CCEFBDD74B024E41412450F308CD54F7FD
277,2047,1629,39,0.7957987298485588,791B3A5CD446723B53484D6F19486B9B49497031938E76FA4AC0CCF0F7AF14C8B3CAE2FB2FBAD359707D152D44FCDA5B576377AF7
278,2047,1618,40,0.7904250122129947,303A626D564FF47B92CC678D42E551201E4CF69C510D1422E837C5149921F9F1D84F9BB03C9697FE4BB19B91C2A5E2F85E7AB2B9C463
279,2047,1607,41,0.7850512945774304,113C6733FC310A1AE742E63EBE8EBA42A8889911C8482790CC2138677FF2813F2A90CD56C6144135E47353A855BAB6FF1D7FA8CEF95904B
280,2047,1596,42,0.7796775769418661,DED56047F1162E97BAF64DB956A0979446B1C8CF4A8BA822D1B591D7512D70910BD3DE838DCB2327A7FCCEBEEF9C09FE9B50C4D68B08E655F
281,2047,1585,43,0.7743038593063019,73DA9F4BABBE399C26E5FDA33B760A954FEB21FE0E1AB021EF01FDF304D35B1A31A99E6934832DB6CA169E06B316B0DF48B2567B6FB02AB578FD
282,2047,1574,44,0.7689301416707377,34876C190759BC162C3997AEB4BE84B117A094D754CF9342AD4CFCCECC295038D6113A5632F6078F6799375FD063F4E4ECF5820B758E562E61267F9
283,2047,1563,45,0.7635564240351734,1DC9AB1C7FDE6F4D55B5E44591EB3DC85ADB1136DE3D3333C5F551423A6D78C52119F61A75B936BB8E48A8F8B258D932443AB1B0D53E5FB8CDD2206FEB
284,2047,1552,46,0.7581827063996092,F8269F35BC4C89439AE8A62B81EBC7C840AA0614C17BB93426601228D0E726415CC92C22D166CFA9333DF5B5235556CF25E490BB26C38FDE49D8E3D6B001
285,2047,1541,47,0.7528089887640449,6B7A4E6B470A272C77FCC13479F1206A99D386F8346AABC48C6638E5544517E1A6BE0FCA47C187A080AAEF864E5174CEFBE02C3BAEFC963D0ABBF418E291B87
286,2047,1530,49,0.7474352711284807,34ABF77A55E455C18C7EE911A2D2D8C65F8D64D49D3B061BA5DEE8BB9EDA14C60934562AA893FB5E59DE29E34CA7E93E59FC08DBB68C533555B8727F7A6B010AD7
287,2047,1519,50,0.7420615534929165,18BFC4B0C5ECAFDD36B22562F57CA05FEC6C067B747D9F8C17528BA036BC4D6A80E179090C7BC680E592A1072AA1EBC68F8084E72B57377F00D59102D958834DA1BF9
288,2047,1508,51,0.7366878358573522,BB15B9C06866F61EBCCCC679253929669900017D79C46DA93AD0718CF18AF1F8B6C5D2EFA510A65AF42769F28F55E23611E1092D66935E0BAA0D07FEB4CF741B615F009
289,2047,1497,52,0.7313141182217879,66F345CDF696109F79AC9F112D1EA59E4098F0CBDF6A646D55972847A33DFA37DC603549B91D9BDECA02D15DA272A8C27ED439AF0F8641B7C74934D1A48E529CAD54B5AC7F
290,2047,1486,53,0.7259404005862238,26D09293FF0E0B3BBA8C38592B23C3BA1D1C6220F881C5CEC962CC18C60A74FB2E6117364203B28D0EB9235DA3756932E7DFD0B9613D8C679E6D173C61A623FAF8C59D28AD99F
291,2047,1475,54,0.7205666829506595,120269B827411E3759818B4147999B9A4CF3B532080627BC34E092BE595618AE8A3A979617D0E2559B639DF11CEC78E08B433B6D5E73DC56C94FE95346EBA5D69C8687D004271107
292,2047,1464,55,0.7151929653150952,ACBEB0FB5F77234A4415A0492545245258B9416257D0CFF308C7165E96A8FCF0D391B03F506F436EFEFE3C07C3FA049BFD5D09BD72CE0C667B13897F87CDC4DF8DAEE5393FB1235F33
293,2047,1453,56,0.709819247679531,5551620A2256764A2D18717B447C17B075954E6B8F0B3AE4A58C295453C5CF60928CAFFA0F3191C29BC8AB8DB5D359B0AA62C717F9FB7E31777DE48CBABAE0B761B88267584D53E0F595D
294,2047,1442,57,0.7044455300439668,2C18C2DF29FB4C1EF2ED297147460D061EFD82373C1B88FAE4D30D9D75D43796048F10B6614C427B2E358F3970CDDD60D958A01B3534E0F54BCB73A33BBBB09D900EADB78D49BD354BC5C253
295,2047,1431,58,0.6990718124084025,194D21737C3249C9595AFE62BA0ABB5830FC9AD0EB75294459AED4F6C031D6E619A1E5DE5E05581316BD966F8B2611E9A21FF252882569E354EE24104AD9175FC3D46067B6BE9D2968EB4E51F8B
296,2047,1420,59,0.6936980947728383,E328C954A805AF6EC46DEE9AC565F43ABBA026AE04D2592925C01E01EE99B9D36F69C0585EE7D9C6E8ADA4DD7D117466625BA51A575A6127206D581DB48A5BB9BEDC153F4B50B7E03E4D40801EC4D
297,2047,1409,60,0.688324377137274,66D72932BF068BD2DC78FC361C83D598BB02561220E12DA3D7BF419DBFF7EB3D9CEDE6AD8DCD203A685FCB25F62B729391D38608D161DAE425D5FCB39FEF830AA20355724215E9002C6F48FB65EF3C71
298,2047,1398,61,0.6829506595017099,2ED50A8B72E35CAE31E2DCB32F67FC9F3738348D26A18EF12F3A86CDD25D01BFA2F7992B96D31103452850F6982710C8C95372FAC51FDA718E72D00FEF743A9D09D77BD37D1622308E625DCD9217E77AB91
299,2047,1387,62,0.6775769418661456,110C51F0BA8D9F5303028AA70D04098D06B8DB816A6681CB8B86686AF2A9F76FE9AD9FEDAFA249DDB7EAD52C86038F52412BE9032B8D1CD3289680CF873226178E99A122E78584A445CD4E82ACD77D7EA64F45
300,2047,1376,63,0.6722032242305813,D3CC0AB83346A3CC8F344E188074F879E8A903DDD4398992DD4C7AAD223774EAFE634419E5BAB019C7E239A99BC297B20BE6A568EA574097CCDF54421E4DCE4B73A26C243FDA3867BA673F455CB3C94C5A060EBB
301,2047,1365,68,0.666829506595017,5907155DB3D9CCF87183463D1AEDE2C3EE22A11E6E7CA08871939BCDA208571FD28FF5245DAF38D905D940D95CC3289B1948D422986AB73D990EE435712C945B4483980239398FC7EA42AEE61AA0B2D0C26603C6B43
302,2047,1354,69,0.6614557889594529,3D4E5D07C9038AB6E504604F47816D9B940ADBE042CD943916098EC9F13347C307CFDBC7BB114FF927B402F49AF2ADB36C782F54EB011E1FFB44157C136678C68E07A2FA2772FB3CE8081176D442C8CE5B84F7D5CCB687
303,2047,1343,70,0.6560820713238886,140B59BCB0C12454FE745A95BA9D878D7DD829D44906CA2996E4B4B4C3901462E1D29459A3799C02AA8045E514F49839A58A4FDA181F00BFAA7FA3D6E041A9343A42E7A2B5B1D346619759FBC24545ECA3DE22C0171E3E6C3
304,2047,1332,71,0.6507083536883244,98B11540E940DD0C7249BE91162A7CDC0691A551B3EDE18595FEDF0C36328B59CF65D44298170FAE3C74764A43785653C57F4184C587D31CFFBC6AB995398EC3440CD7BA4273B9552512ABA53D808B1F91E434E845CA326512B
305,2047,1321,73,0.6453346360527601,556D51E801C2DEB040F41D614A0FFC48C3208D8CE900201802007EBFCFEB570D00CCA9028E83FCC2B6B45FAAE939989EC53277AA936C038501A3815C14B543C18B5C5FE4A28A4832A508CB9B909AA78364F0F67D376E41F1CCC4CF
306,2047,1310,74,0.6399609184171959,374E1DE0B324341CE7D3D3576C3C7FA5D337677AC429AD4FF3544C2750179B6D833B02A414215E966484C4469E9D92245AE4EAF1314662080A732592EB2E440D5D7737F90339C02FDA7BE8067F16545C926EEF20CB214D1AE01136931
307,2047,1299,75,0.6345872007816317,1267E1F9532CE51CA28D6A552F2E74700B144FD1FC9034D4E0B63B353CA80B8F7E454122622AAF6ACD9D6D5464D05E27D1F1F1C6366662F3EE95407DE0177144A0FCDA793F8CF0464EBFCE94BDBD4564CB0FC0369610518826417AC77DA1
308,2047,1288,76,0.6292134831460674,F98E5662614231FEB13C83477265000111C614D76162848B78D5DF34E0F94E79BF7666E18D25E646ED64B81DFBE4FC1F3F270601E8630D1858A5BBB4272EFFA277639273FF98424AAAA39A8E07DB249A61877ACBEC52626BE096EF9760B5D1
309,2047,1277,77,0.6238397655105031,77FF5425B94DD5A2A2C22E8A38F21DD094BE7AACD18E31D5FBB17981172996ECCDB10581AB4E70A7354FA00028A52D13383711BD8357F6BA4F8E406FF53697470FCAC6A6FD08ABFDCB513E3FCA55DEB6B2A6B0443A9B73FCC66A2106857028389
310,2047,1266,78,0.618466047874939,3C5321A79CC79E17B573FCC506383D21D77EB2D300D9386FFE36AA00C052E7676B32F301548A5067FE70466A169F56C6D1470F1FA781B55FC123E775EB2787DBAEF1437B65BF9AC983B2330C9A0296BFEF2E0775F0CFDC2897703563B4CF19D92FE1
311,2047,1255,79,0.6130923302393747,1264F26B1577C68990B70AD40BD73411E95DE1963045DB5D3871919C3EFD38F7BA68C4EEFD149A9E0FC69A62579B9A29416A684EDBBD01882A59130B13FE07DCC23E3712FD070F05AF0E622F9D4CA9793EC3CDA1191F050B4D95C91256D8980BA47D9CF
312,2047,1244,81,0.6077186126038104,C32F0C8630BD3A84688B1C488AF656C751E3956B8AE4510495F65CEDD788330EE09DA42BD9DF4A44E6824CCDA4FCDADCA442CB07E60E7E1108EAFD107BFAEB6518BC412A4515122B21F57BCC6C63AF253BA3D4E9B3E6BC758935C3E35A297B24E651E42D7
313,2047,1233,82,0.6023448949682462,41A43746FDA4E4CDD69553A6DFF484D69761571CC70A9FCCDAD8B2C10E4A7BA858625B92326FB996104D0F7BEADF91DC11E56EEED6C63D237CFBAC495C1DB485216CB3B3A8BFFC108517ED1FE3B4F907EBAEDC085488E8C00427B9F0B297CF871E0333C4502B
314,2047,1222,83,0.596971177332682,3BB8B42EDC65B6E0FD2AFC9FDA17834A5B37A98F8484137F8531E83D4DC00C332333C838EC4BC188A3D0017F39B2724CA13056CA360E195537F1689EC65DD15FFA60E23860F1129FFA2B2D39CFD9D35CA0363CF811B18870C7ACBA2C018A9901A513873AD228CC9
315,2047,1211,84,0.5915974596971177,1B7BDC958A079F2DB0E9EE280692A94ED217E22AB5EFC20E260E593C69B1ABFDA31CFC94217B10B57A2E499BCA1F13461655FC1AD2585C2D54A79154E38A4EA7BFAE547C52FF10DD7380822B8D8616B6C3FE66E83BE60E0F66233E67C93831673B703A9A58D991016D
316,2047,1200,85,0.5862237420615535,C4D59DE992F8127FADFC09933B04EEDAB4D4C1F8CA6B76578FE01F19B832C62BB64118452061157C6DA22DE659603DA5DC8F818472F91D27436A4D4D121EE67918795A4C13D14244629129104E041B5CB57EE55D263922E0A6EAF92D0FEEEBC9412254C4158E69AF61E9
317,2047,1189,86,0.5808500244259892,5B570C50407B35EEFC617286FD774ABDD7BCECAB9693A640B6BDAF189F8A7B03EA33E06BEDD6EF2375D37253F9C8FD302075E12BA57DEE64502EB89E10D22D1205F853877F01900E24A23F9216EE1711ACF0A26B70A9C0C740C57A786631DB331EC13DA74F7CAB0B5894E3D
318,2047,1178,87,0.575476306790425,34A9147BD45E31697641D6D02639716EE9771BFD550D2D23FD5C022D332E3702B10380732310B1BE3B88623BC6103066E995E85BBDA8D3844B7244B1A8743098A5D376CF78C430608F68ED54E39D59FBF8ADDE9CF2004E896800946D3C63BCB103F81CDDB30B38247501BA30B1
319,2047,1167,89,0.5701025891548608,161D178F4A6960D7F0AA43B26A233BD1F8285E8B5E13150B9AD8BD45B70F3150DA52E33F2EB3CE843164D5A5930A387F4EE540083C2FDC211F603AD4CA61C57BBFD570E89CE3FA3DCC4431E397BC75042EE7B622D15297988E98E9B967394D6932C31444BA7D50DB0CDC280504F3D
320,2047,1156,90,0.5647288715192965,AFB24D47BED60ABEB42C9B570680635E07B2B452AD52F8E4B253B24F8171AD8D091AB70291A46E108904033CB292EF3E0CC54D8C9D66263823E757DBBE1E98D0B85035D35B53925559F9CDEFAB734E30E6713F8A18BC5167C127A3EEC1182885E92303554BFBB90238BB7C1726A048F
321,2047,1145,91,0.5593551538837322,488969DD24F822C6936043F00D0B13C6B9B7859745AA70B3785498A8CBB95663EB6BBAE1C29D345AB47ED38BA9A064D24BD0F55D0A4ED0C9E822F9B58349985AA5F0B21747EE9EB55DA520EEF34FF4AE9AECF440D36FB264C139DE1F9D320E4CDD8DD244C7CC525669FEB041CF0F13C9F7
322,2047,1134,92,0.5539814362481681,287892F0C0EDF653F84C8225E4D9F2BABA260DA471021C5C685DFDF7A217D6AE00D1044997D72FC42B48003CF8DB0BFBDC21C05D3865CECADD0348F362CA350DE0C644E3E841976EA9730BBC1B82BCB1F1945427A83E58E251528003E3BC558DE598190A988E4078DAD782CA525B8BFC20C0B
323,2047,1123,93,0.5486077186126038,197B04E4052053730890499B3B1552B1AF5FFD1623FDB5842272E2B6D3115AEA2B29FDB7AF82666189331E95A8D62C827D009B1A2795D7A505B8B3C858609A91D84271B090E1D56F6542843D296C589A573361200C5CA322CAC5640940119134735F7FBEF7399C9FBE9697B6BB5BDF28EA6C1637
324,2047,1112,94,0.5432340009770396,8028CD13BF295F1DD11899DBA4F2430137D704DB33E6941EDD6C5C7FA2B797182819688B490040E50BB9C4E5D003263DDE882947F804448B1314B3FA4D1881F6BA6EDED216B9E255EFA49F7FD421040DBF6954262598CCAAB8918D7BE93E967FAFD4A9AA2BE9E1D6881523AAEDF75A2ADDDF80FDC1
325,2047,1101,95,0.5378602833414753,70F3787B480F56988379BADA92FE01F6811617F7FEA3EF9955A9E50F55C1B66938BD51667B6B6823C6D99B1CC6103C18ECAC9D6FDC863CC58BC289F13A3573D14BC367EC2E9C9500FEF29E310DAA98534F5724A021C527FFBA9FE07C3CAE41FE718CDD175565ED53620BE6E23FB63E8E958A4A069B6DD
326,2047,1090,99,0.5324865657059111,214F981A3BD5458F21199E80BB1399B0CAAAA926929D6E4A9A5F6F9DB4D563E25ACD49B481012B7D0BFB9BB04B3468FD3169D32D8608460C367B37C7259E0643520FAC5D96B0D8E83BB725559584AD3562792FA5B531B69D4B145CB689C739DA6897A2660223460F0CB6ABDC0B8AFA87B8E1CED84901989F
327,2047,1079,100,0.5271128480703469,1A214FD0EEDE9F9D610B56E5437AA93054FF5441E5140F4DD0BAB7AA2BC5978591C978E43E0EFB1AC1F54B1C5F530477992A4F22C09A26FD5C34570B3FBACCE06F17871AF4834804739056E3F46DC435753230973FD4FD1AD639D6B864831706737FA9CFDF17EB2C36877FE3C9E79BA5A0D85EB4556B0698681
328,2047,1068,101,0.5217391304347826,F28660B0C4BD84DE5769A03B7A39BCF8A2DE0FB33811F075A4B3241F98A2AD6456C8E231A0D1CCA1D40295CDF2DFC0308ADBA348547730CF46E1948066794D61DDC6F6C43B67A3B51EF255067E51578378680A9E218E4B9B5953A199B055973B0ECC1D7D589516E7E11E72B4CBF2A860F421933200045918A740B
329,2047,1057,102,0.5163654127992183,458A93EE160721F2076A976D7AF7493055179D1386C40FFE8849DFCCE7BF32C2F6329877C5A2EABB91CC2EA4864009F07A87A269C683A65900776D81B29B61F3535A4119C5B350685FB8F787D32BF9B52BCAB86C2D9259237D8F2E34524A8B734D835AAD3CBD1FB2C9BA18E770B5C603FD737BB74C63382844BD4845
330,2047,1046,103,0.5109916951636542,3DF4DCA8B918D8B6CB20D53D6A33F3F52B258601E6F568A229727C801025A48FE1A14880528468461E32F4A140DBBB7A952DDCF45A3576CD32DCB73F9E21836A0392B20EBE2B5E8D35E58355C244571A2B66F94773BD6DEC9A5D2643903720AA51B031EAC28A5BCFB1060E4AA34B8308793263571CD68BB2209CE8420FB
331,2047,1035,105,0.5056179775280899,1D68221A5B643C19627818909F25FB6C64E0EA63CF65F1C366B86AFAF127E9656412157E148627CE39FDABCBA1CD2AE56A25F9C1188FDB351B2D34452DBD154E9E946A2045A6CA4444CA2C92C9D45FDFCD15BB32EA3404BEA959DF100907B360464A8AB0AB6ECDCF45A11CF19B222A193017B8C98CD634E5C5C822F47DD131
332,2047,1024,106,0.5002442598925256,8481AAC93C8C1F05EEE9D039CE894A85CC6288FD5168FD705805A56CE4190A1CB7F210431DE19D83F534C019B286FF3673025750BFA63785637AC9E4660E9C395E1A643D8EBA7391BD5F07ACEE2FE4367DC88883355FBE81D5F8A109175A1F235D75A2EE64282F9AC39DA8D19CB2B6E4736115BBC6ACEFEB3482CED7B61906D7
333,2047,1013,107,0.4948705422569614,639F86EC3B3CB816DA4F88F9BB19A1E30B95E756D03CFCC8D76F3D1D31F716F50199FACE378EA2BF4D64464EA448DCD9D03EADFAC3E90427C7139761E702C25D979318344CB0D01347D89B68526D9FFB44E25D162DCF6962C6EFE2813011372C159D5239FAFBED9F6ACF4025B36A6CF6B8F79C5AF6EDA2FFB0D7EFB10887F3AAFED
334,2047,1002,108,0.48949682462139715,2767BABFC20A63B8559EA8A9357CDF71B562BBF88F108B8F2D895925BAD7F05DB261941FBECA78E126D3DF501EDE33A73301602DDBD37713E5462990060E03DB0EEEC3CA16AD8FA8FB543182B7431CB621F09D79F825F18B0A02B60B042B0DB1BE9D8585BA0FBC34CFD47BC2D06CFF520009310D8596538AB1DD7EB2753CCB8CD3F887
335,2047,991,109,0.48412310698583294,1FBF8F09BC2A96FECC3287C4327672BCFBF5E7890E5E0301798943A3BB09E8CFEBACB7327B035234792390517EF44F30B0CBFF0F4C642E20994E3EB01B75519EC0D6919CA03C136EE140865EAD08463426D7E1AFA5419745662115DD1B0B3EDFD1D516E7714E1B8BA8D7F2F02C8EBEA2A527BBFF6FE89CAFCF87B90191F87BC4192F89107
336,2047,980,110,0.4787493893502687,B173A8044CDC5A336F52D6698F11034DC87BCD27B25521C1555658922A3B3652FDF69D5252159402D4B018790EA48F03B5C0C6361AB6C8F2AEAEEAF3DF000B2B8578D5748F931E53CB32B90BF919505DC8CEFD4BA410E789C8E300BEF2C27FD21B676E259E5708986E0C06280F5DF783294F43D4490F07D6B1CBBB3A0633B8CC3D5FBF0A221
337,2047,969,111,0.47337567171470446,48D2C9C317C182279A6D2B16CA3D102FB733F2206FE7B33CB994A1585B0FC9674A17F9F59EE6451DE93886A9D2A1EC86E9308B3EF9AEB6F16C93FAF2160454959FCCBE8857DB384E784EB17492B367054879B118C887450008AB695EBA754B2528B682343014BEFF58746FB68F99015B4B3AD96BAEA34C6D55BFFC468898AF55903492226EE90F
338,2047,958,114,0.4680019540791402,3E8F632E68F0B9E9967572F0911BEF74107BC6387AD3816130083585561A3452D639B529CB3FEC66FA3A98506E9107E629CDA2E946484F07BD032343788E4B28D5C269B583FC527536117BC0407AC0CA76764BD1DED3E5BC9757A615D0D6146D6937CDD6AACA861C422F4CA4F9FBFC867006C5BB22E26704BC852AB1104C412F3C146407B5915AD9B
339,2047,947,115,0.462628236443576,11A224AE8AA8895EA73930AAF68BE4A82416B9C463F9C5CD986F6D0FC733247A2FC3FCBCB9AF563497AAF16B85812253662B62B3EFBAB049CB79791D3D4DD449DEB46617C51D95D0C00639CB47FD7457A522728E10622C9F3E5E6BAA7D793FC557A1D4E779C08472A31F2F376C4FE34E7DE7F4C3232CDCBD1A4314C902B1A94E9980A3CDDD6808E03551
340,2047,936,116,0.4572545188080117,CD7A8D388BD3E122CED4AF1725ACF1560424DE7F6B13B4F04DBB207C420FD3E75016CC4FB29E5D76ADE6041D4B7F7D7C72220D180E6BA320A9991DBA390E842C579F423CB319E41BDF685BB89EE96C42E5B0F9B9663EAF207B66B58463B02B8879D057D90A0A46626ADC3345070C3CCFE90C61066507282471308F5C6CA3EF85783129296A9B9FFB55C71B
341,2047,925,117,0.4518808011724475,7DE43C58C644C4C53BEE0BBDBB97EB2DDD6D77201C08395005F6061A863F978725E0C6BE7E7D61868534C2760B488588889B30A44D5995BDE87EC87FAF01E18017365B50F6FBE1C3863FCFCC460ECCBB55D62EB321F0F68059E007535F88BF519C63C1DC152F717EFAC223B7FAE784A63121C00B39B0F1CAF6FB320AFE45F161D7BB808B2318A7D3276D3280F
342,2047,914,118,0.44650708353688323,312BDAD7F0914B4382AC6FC083B7C39C016CF589979FD13693411729EE57EAB868D2BD738AF7191C6D70D3CB08247C59E77CCA09281D2200C07C5BA6C5DEFD77F16E6E6A5466A67E1C87CDDF685552599E642C48001DF6546F8605453688DA598D5F25D83EE360CA94928B246354C2DA1B6AA3A8F2AA211E8146D5098804764EFE959E8C54B6A817AD87FFBD6EC3
343,2047,903,119,0.441133365901319,19B33653F592772F58E469AE32F74F2F05FA173939CC3B07324E892911E4000F34CC870E55B94A4469ECE8B0D1704B10B00DCE8F8843B3E28498D18FA558DED053664193B413E2CECD49B15B9DD866F82E49DC63AF8E5DB1570ECFB681FF0283A72080C19E8B6AA386C8412AD429B711C1517A566942682F8636A7D00EB9807490368078FB5FA6AE9C26D95D3051969
344,2047,892,121,0.43575964826575475,9A4A785C1C4CE3C05E77341EC35D0BBB740602651E9BAB18941E7CC939C4045A7F88DA790349214E9788EE144DC01D26A873D5DE89D22435B1EEA0280965387C2DF571925B20965148228400EF07F030298B8B21AC8DF2F04E2E91BCB1540C7A3BCF381B54332114D7F689D7D20AC37636982D0173010B337E10D37E031EDF15EA17385EEEC34EBF49DBBB8AE2D435791
345,2047,881,122,0.43038593063019054,79F606B4ABC112C507CDEBBBF11055605D6E8CC352B0E15A581D97810022DE79835FBAF965E9E161CF662B39326D9E41596E173A1B2FA836A153A9CD5A565CE4F72EBCD99B72236446E278519054248F72C88A01D5E95A6210DBCF3AD8C6467676701DA2A73193319BB5A6AC9A117FCA387C34B6F9A374567035C18A3A8DAB92CF81FD19355C1F3472FC2303AB0AFBEFBAD7
346,2047,870,123,0.42501221299462627,318DBF44C5A22AA0472852165854A6A7C8CBBA6BEB621FDEC5C678F9B544813DDBA814B0585BE91578B930CDD6CC7643BD2EA2ECF17BB444536F604F7B0368D44292D11A760515C19392DDC0F00E230FF5396418F80CA45E8E06CFBF0D1DBB6C1310C6E588FF3FC57AFBFFB965876A2AE60669401FE6134C1AD61A13D33EBD522C2250AE9F914220CF54E89C406B265043A34BB
347,2047,859,124,0.41963849535906206,1DACA9A314F6C329C9F4172C5559C0A2CD3A8FEFCE9A78232BAEA86FAF9B5A91288A80345B7F6ECF075308439A5146784B5AB725A28340C8D5EB2CF84DA77B7159083E6705775506D4B0C94DDC43200CFE7165330D5D9D286B6C7BE26ABF2C7F48A059CD7A395AE21D190010FDD4EDB886B1B7A281DB88E0B3FAFCEDF4E425DC05D97E6AE5B1097DEDA53A703B82DC61CE666AE329
348,2047,848,125,0.4142647777234978,F135DBDB6732AD106091F3054E3DB3FF6F6A17FF76F3B030211DF26C9948965ECD2FB61599DE6FE89CB78FC3B5D092171DE74AA38256F743AE92C480AC903EC1173256FBF795119F17005EEC35FAD70BD71FC95702734B1ECE04D7C33F527C3678F172D02BDE53B3F227BB962DA8B391F2DCC31440981BF206C6BB49BA96650F8F417159D94C811ED8605518746095CD03E1F1EB76EB
349,2047,837,126,0.4088910600879336,4058895A4CF82F3C6F94F1873F91FF5455EB30D31FF54732666E56A66D2F8669F4134347A19712DC63D31744EB8652E91EB9906A12FFCC33C85CD10F9237ACEF5FF368C91CF839662B878B0D7F00386CD6333E56320DE891315A0E5F0AB908C330E1E9B897CAA2C431F21C32BEA18A6A0115826423781C296B58C73FF79FDBE27AA38F8F2968BDAD1F0942738AB4D7D57F8B2B551FBF8B7
350,2047,826,127,0.4035173424523693,3DD15D37E776C01DBFDB48698A75647C02AABBF347E7C1E2B521CB2B4CF8A1AD69671D73F74BE92B3586F0319443FA4DBF899C844B64BF2E121636679F3D0CF553C1EB5BEC5BCD612F4F43988C456610BFB4E7865C00EA46D7D85B1A014EAFEBA563766899B7EB30C36AD32BCB8B502EE55BBAD7F78168825C97557E546074D82B78FC7CDBEDD437F55407362A427699A5B804578EBC34305F
351,2047,815,146,0.3981436248168051,1A7B088F7DC17860C4CFE92A4C623A31F6E0217C8D5A85A8B399157264ABE3F5607A16C4A2DA6C38714E8AB224A5F61D21E8BAF13101A73760C1C723BD8FF0C84CBEEDC0EF6C8943F215747C84D798656022899BE155A5686358BFB6393F46A34C6439711299329F05EF0323BD9EE2E5F9282ACC88E9F26DC147A167AB4EF46EBF4BBA080F978453E7FFC6521906FF0B733C3975552044CEA3E9F
352,2047,804,147,0.39276990718124083,9E93042298871C02864576F3E9046163BC1CD706E0E8117481C034410194FF7D833277FE04C5000F37EE3C4EB50A4548C72C32FACB8AEEF363B6A095B26A3F706BA10F3FF4C9EF2AB079616996042114304259B4B6CC4E0D25A4D1BE4D4E232A222498E7A6F2E4B324299099B2983F54D5DE6705068B6CF2B64EE714E7A2950A6EEDA290CE9D5CD048568FBCDA5EA1DD0FA2F0DB3796AFC93406711
353,2047,793,149,0.3873961895456766,6729ABFFB108221896A3F7149EEFA9C298C75F63DD2EACA84EFC813B41CD2180D9F8709CEA8F8CB4EDFD2D7443CED5A55C6877CB7261BF40777FEB56BEE051C1DE0BDF9B1C67545F57863FF5D5534EBDC48FDA263E92693DFB408752A78C5275756C5E04AFC746A67E563BFA20EE7639790B8943FA163D321DDD18F6B2EC9C20C9F1DDFFD2A6B371428FAE1CDC1CBA3A04BD332EAB1A819017FE2ED5A7
354,2047,782,150,0.38202247191011235,313BA9A01BC541128F25D5AF2A212407F6BC1CA9654CEEBC9BBF66C8A333E83C4142BA81FBEA7D045FF5EB132B3A621EFF58920D4AB33E8B25D06D5F6FC09926C2ABBF8930734743E23EBE5E92B18F4CC71575AC50E3D51851F79996131AF3AFAD3107C440FD80E02B88DB69E915E25C3611070751731420231576ADA797EBDBA7850641888B8853B765EDC9D9C88878DE8958B7CD462C3AE01C9E801FCA9
355,2047,771,151,0.37664875427454814,1EB3DBC1C89E3D0761AC8FF0F489D8FCC4F59E84EBEC44E14DD47C7E424910A023D566C29AD6485595DDB472E767673E45C893F8EE20A90F6D4DA81473D8AB8B46047D1655CEDEC4C1E2637722912705350D42C72636BA9D965E639505C9B3EF87DA9A6BDDBD5F643AB85D79C871BBFF6482841213DC8D02DBE68327733E66EF97154A59C91F0E0836FE08C5C00D8288E2341CA5AF7DFEB66647D9ED9419ED5F
356,2047,760,153,0.37127503663898387,DFC5768A5F1CCA0190DC39A2457849511C4A29B1D2FE225F378927F9F458CC4440440A25679C75C3492355A4D8CF4D5182AB61B05D39607B0F28CA598EA92A01C0A23FF677412307A06B49844A43C5964BA1A6D19194DA8E78B123F0DAE1C79D417B5BCBB50195C91F562BB2411681CEED68FB5ECC6718D15AC05DAC9FF4E424FBD8C50AE9254D791007CFD270BFBD8C1C33CCF97296CC8588EDA4385DCAFF066B
357,2047,749,154,0.36590131900341966,4C826FD8E484F047A298CA5331121F4674EB36D031DE54601CBB041A4FD56D0F92CA6906F64E77A96D9BA0E2B70413AD45369C023954C414AB9F9C32C7DA8AD190684B34C31E6D13D5A7F97CD893CAF7989CD31DD35441D4E3BFB64654B294BC93784AC4E80211B9067B47FCFFEFF03DD0D99971EBF066A2F314CA23BEE75B8010C8B277947B9E945C3F83D2C0CCC78B1ED02E91C6C8D129F9127B6F7782C53FA323F
358,2047,738,155,0.3605276013678554,24F46A0421C59AFE20C523A95161B8593728B1368430A78AE89C5C919AE09F0E75BD15D6D7E0FE167C81782D67C8553E05A9F22CCB08AC2A8C252BA561B783099B1ED99A299ED6B0913D71019829464FC75AA3AE10984B62B6A8DDB0B664426F235B586FB2379E429B9493BDE2C74970434667417F851FC9E328CF52047C508530D249F5C95BD8A4D95FBE8BBC0D5C7D320C0B4D36051BE3DBD509C6C7128BD53F97B1AF
359,2047,727,157,0.3551538837322912,12512DB9750D5D69A1EC7149A40ADFD65A5B2D9B0C85AA5595EF0F4D23A6E525E61FB4C82F25E5DA8E0B450812A095508770D539A5284D0D21C4FF443218366F57D86794428B380CE930FED4BDC0078C929F432202FB81653B32D3A4EAB476A90E507F67264810D2B38DF3B2EF9BA6BEB4FCF8F4B2DAE34ECFADD2C09BDB834924E0D54CCDF35FBA7F966918CE99E14BB30DEBEED80CA95E34816359704B00BA784FA1076BD
360,2047,716,158,0.3497801660967269,84CCD35CF2F986C8E25A68ADE9DACAB07A9C0864E8E13A94A6D621825246E48FA5B31DA9D495B8B3532DED67CB8BBEBF4996BFC611AC5C0203BDD9B1CBFD510B290459887026E490F15B80CC0DE3FA30CAC4EFA0A78C4D9FE08A5E240605C988DE3B4803838E9AE5C42EF0A70D333C77F5371A53599F4C12399AF330A7B47E4B4ADDAC06BBB71C2575439EB9574AC5AFD18AACD73672A01BB23AAB3D3CF3D6424D9B73D4D3915
361,2047,705,159,0.3444064484611627,743EED143160E1F260B2BFA4C1592C4B4D3154997EB3A442475BC90BB3DBF772137E2909B801430A47843A8782E1D58FED7C211F3318591E1E701B7276AB0FA4C6529CBE8C70C1792EFBB6B0EABDE727E1C0660622C7C575C2DF5BBEAE227A1FE35D9BA9C63A1A20605AF0AFB0CF7C53FD975D9EBF42EC59F2C7DCA4D3D3A08F753136AAC38977D5485478FF87BEF8B25A3B95188AB33A12D039E4C101C7973E649604AE98DC5B8D
362,2047,694,165,0.3390327308255984,238F2EA891811B66CE71E1FF90F0E10A9DFE24ECFF2D12BD0A1FB11369C6FB9FD7BCAB10DC546E101FCC7D601AFB1FA2EAB33FB672C53746358CD310B93FB86292F8A9B81B35E32BC6C29B51CBF6FA94F8E1CBBE6C6CE2DAEFC5DD13919B93EBF5B79DA826A36413EB56E8F20263377EBD264A5E1AFCAA02C23BE90ECCBA0B867D4288233E35FA125A4D1DB849F9E8F323D5956DC118B7929637E77CCDB18886144D1EB706B056543C7
363,2047,683,166,0.3336590131900342,1B551A952124909E76D9C00675858A3F26399AE5BE3E9AC8BE0E955F095CF468F117AFDE626398618ED38893E85D41E9424254294E2FCAD035BE03B8CF034D3D9317CBCF3856A4316405432323797DBD7AD9E24B14830E591778BA37053EEF39D63ABF32CD510D07D1A40712E86B51E1A0E1A0B6AFFF030098F02DBFD6A721EEE3E86750AB931F46DD5DFC67C0113DC220FBEF1F374DB88B8D0733A32792DCB05B7F5D15CCC34A6CC050B5
364,2047,672,167,0.32828529555446995,E9A6516E3221376B966611FE128313C56FD08E99B07FA8A57C95F92F242BB4F5200428EC5D6D054358DB150686A4299E070C94C3BE21E7051D61E42D74F34A3255A5D5A6543F42C7ACC562B0D2AB1F346FEB4BF761BA4F29AB12E4A73567FF7B6B3F4566281941DD27E413936673F9DBFB4AF943E8A9C1A6C3DBC874A8DCC7CD52F7097D6483F39D7A758698EF6DEC604829DB0CE0FB21C06B5BD7F07D822284C0EF113F20F8BF2346FAA955
365,2047,661,169,0.32291157791890573,7908E8D03A2B0F3AC123F1D7F1D01FB30D93201955D2A828535AA8476111A6E9ACF04231388D5D3583EE012367CC089B9C0DCD23658FA997BE5FDC3EB746E0EC57AEDF572A3DD4F259CBFBCD3CEA13BB679DA9945357CBB132A5B44198762E37625D2741DE67C921F5E642EC629718516BB8068612AAF8922A70D1E83FA28D8EF898F0757B2902F5BBD99FE16B9C047507FA7C1C31DF3AE8EED8D7B2779561E093F62428B222C1ABCB7B8199445
366,2047,650,170,0.31753786028334147,2AFB547CEA354AE698003394E0D667193AE0625A6A11AB4B4855DBECBF2AB78C467AE23396A69890C493AC0C470E6F28C659262486D5F9059D2F1ACD4BDCC5114B8E67EDC4791D348DFD03634E8A9EEA46BD0E24D7915FD988C19E7B061E26A349076E5708FFDD495669691D79F448EAA254F1D1CCD6E750C7117DD2B2F48173B916F5B18353B8216E4BD53309495E22EADB3868B42F3B8148514D4D621BD45E49FA18D7D3A2E1FE345AD3BAFDABB5
367,2047,639,171,0.31216414264777725,113261CF00FF33B5E7069E5FE3149C005FA77C8B5C10A53A798BF6E841F48F429E229A093E9F0B590E008B2696BF83CAEFAE4E8E0A109A8468C5A8436F848DBE5FE59EE29A9E63D3F5AAAD31F98721D7ABFE564DAA956FC7604287D8D8A3B7C87E805C637723FBB580F29F38FE3CBC576399AD163DCD89776BAB23C0B1F29606518306E32B36673545CE5111770045894DB30FC2679C8D928D6900643751168342173668FEF1E10E0E53B30E12F81CF57
368,2047,628,173,0.306790425012213,F6A64D50D47A9F28A08F6DEDA06447A74C7CC42A471A3106D2A310B4D2538CE9A34A3CDCC9294EF63615ACCB74269442DBDE484EF1E16D53E4AE810A00C906808D86CE6B7BC8A6E9EBCB83758E65F212A10A385102F4793CDA582DA8CB4F8606EA40D8E6E2FCA6729BB17C503D4ECCF07E6957AF7BAC67DF636199C283620E981AA221CA38D665130A304586751AD6FEB08E03AD7F552F363874392F89CEADE8FA119233C9214DFE4C1CAC08F063B73E779
369,2047,617,174,0.3014167073766488,7FC541DE2A164C276DEB77B538CAF2F3DC54CC2CB04ACA5D523195BCA36D62941D0B19E4E0FCF3ED6B375946CBA1802F76A8CCE8FEA6C70DA43A6AE062C12AF8A81C14DDC61940F49A61C497FFAEC2FCBC827F909974958DD7804AA0F2977A553F5F8D02B56E97FF06D9FA504A86B10C4247CBF6AE69F7EF95B311C8010CCB2CDC75816FB3D58336135BF2B8CEE39DE8C65ACF26F605CA23B0439EC0BBFF4B6BAF45B34BA5089AFE0CF61CB2D40C2D767C3A29
370,2047,606,175,0.2960429897410845,38391B5672D76D0018305D7083680D3C39CBD0CD4C9EFAF06013643371333C5C891D2A972B77F84250113C386FD15AAD52AF7E6370761F483D3FC3D751637B1EB37B43ED2B23DF114CB4F08DA7524B6C7B33B1B6904E73B8CBFB79C924280D9BD6D9B38C603D18870CB3D59138D8790930F20F2F84442C90415457850A167CBF4C697859D819BB510D7408CD3247D03ABF961519BCCB5A78D82AC39D6A38EE80B4D0057F2B55523289D1E67AF9B491B36818662C5
371,2047,595,179,0.2906692721055203,1559278B4EBA8E4C7938E7A3999EE7E0A5A09FFA1E53E5A5C5A531659A3956A25C28EFB4F8E2BCB1BC91C6E52DDDA4795F2101FF85E1D81CD3B4DD24A8A993FED2E4CC680E37D189FC095AB4811097B0C3F6C31FC836B4F8CBB5C0FD0141BB8FA2BD5F2D79FC2A29B567EC27AD3CD3E458BFC2C9B43F984CD31A77E46123B7CA016A3D01C5C72C77C86F6294B1D942E3ECE0FCF55EA718DD20E471EAAF10FC90D806A440C37F77DA85456364BA7B8EEAFBEA8C7865BF
372,2047,584,181,0.285295554469956,D721EBC47C3A1DE3E730FE3412E4E7ADC0B0496C2A6D6745C8204C85BC65E94596353FA630880B9E0759A5D72183C59D513240CF3F5707072D83C7D46B1073A456C0588AACAB75B402187073E74E6BD7D8A5E780D61D253132654DBF42A9BD3DC3C0BD796893CDD215B7633D27554EEC93455EF03887DCAF5B003CA1CC5A01734208CE0586731F172D0E7D3FA47A10DB4B8BD4E92C28A6D3EF002A0AA58E46973C8A11C24FC91AD6DEB918AC51977010F08570AA374ED9
373,2047,573,182,0.2799218368343918,695A8BFEEA4D5F9B1D0D622EDF59BEF09D77A217B003E17EDD8E6DFE2A8F77F19352CF4EDF081F7419DEA4C44ABE929ED9FED25102145120359553B744AE2DE021C67185C3BFA18D8F40CE83C03337EF540A8CB6F1C23ADD20C0467596FFABE4F1C411172AF6238A4F02347AE1E2F8D77724D5BC6FDD5716AF796ED7C0EB0F9EC16CF719BF155E3FD0D088E9CFF74D2A451A88C69425681CC62725F14F193DA92072DEA0C6F335E281415FD260FFB7831F528E7DC73A6D0DD
374,2047,562,183,0.27454811919882754,23CC757552A8645A3512D657AACBA4EE2966475E669674094A4FDB42FADD83D01C6A6C0224FD390FA3E4C588C3F13BF68FE4E7AF509D12AD4B136B414D4C395DBAA00768506B18866E23690E20DF3F0F10A6F6EBFC7AB82F66D2067CE6231A679DD8E3A9EE204FBC2796E102CDA3FBD530157E7E953F5E2C9D4CE8C9B0DE11A8169C955B305967558A4F4E7919179EDD635DA040805308064CA35481FEEEC1D74CF198B60826E2CB965097A5EDE1F0C7B36194E552195D59B5A9
375,2047,551,185,0.26917440156326333,1167BD3BD8B5462FAA3597B0B1ABBBC344BB598F03627DE043E1AC3C7A4BF6EFFD41CEC15A0287591D9B4A37C953E46EA1D71BA271C7C02BC48AEF8CAFFD020142B8D5A8C8EF3135979997A2DA42C2A066C6D7A258F3E0A5823148C6B7E22FCE23F602F0F57008FE001A450F1D2174BBFE73EC610755E9A750AE69AE596D5135EE9225865CF4CED4D985E4CBDE1B677845012FA75E10D3B0BE5D519800D35368A90567756C1065E4225F32B206DF65FDE21CCE6FD7EF2F3094C2A1F
376,2047,540,186,0.26380068392769906,E9DEF801207D00960E38D4EA994D1C2009DE80E1F5A3677B205A518340646FBD151674CF036DB913308291874A8299D1F449AE136D1864EF7F78EBA7BCD697B3D20904015793E451D55C3011EE79DC181D7BF2D6DB49C474711DAEA3AD63886BA6B28B2DF3CAA7396A8816BAC4EC39C84AC40B7657DD1ACB89817C37568D8673104D35CA7E1FC71AEA0AED00530D9C7588ECCB49D8EBB956C59E90D78C4C33F940F25631E4439E48087461B30FC4BBD5E4B4997B360656ACE7AE11A95
377,2047,529,187,0.25842696629213485,618938422D9BCBE54F70FC60ABF346341B130FBC4DDFE3E092EF949569973697564631F3F6A1305E0CBD5BD386923E22CC055D15FE7AF3EB9DD9AA4BD41EE093EF0B8F9B5C90AE4413E803BA7714FF29349F8BAB6978306F543B95940488C58233688590263D3F7B7168C7F47A2C7FAA49EF4BE9656832CAE4D8879EB3078065A996246762698CBFBD5CA17C94DBC76B04FC51B73CAC46528CE5F80C15BDDD1466A266710DAEE3A5CE671FD8B0923A2BCC02F14C3AFC98E05DB2B4FA9E63
378,2047,518,189,0.2530532486565706,353DEA56149CC22FA60A84A3753B5182709CF533B2360AE1B38F7258457548DECD5210FD265B520F978C521360030DCD62C318A53A0AB0D9CD7476A28DE41DA315E183CB25105C9EB73E217D33AC806EBE8FDFFA8A6ADF45D1DD88823C6297E1D6C9075D45182DCCB61880EB49F5FCCA43A7E7010D7EB32CE5ABA96F2B53F96F45A9DAE75EDA49D51C21EA52680920D8A5ECF91797226A04870FC26B36CD4C4DE0AFD12C3FAED315DFF244E9405AEFA26E908431C6A3F6AB2F68EF20CB59217
379,2047,507,190,0.24767953102100634,169C5ECCDE288213B18736328C8284E51436550CA030BC1F2DE8E58AA6100588105A79F62A403FD1025B6B48CEBB52901F54E99655716052F3D1592967273FFD163628ADA08319ACBDBF3B688D2855F65A68EF5A23A6A4DDFC66C7E69263580474CAD2E9AFCF56E688097C53797BAD5E558643815882FC86E4B389644EB65E7B60DC340ACA96E1524767608FC9E53D49120E994B68A0817AB03FCE73A35BD257D0796DC6DA44B17F27BC1B5225C424E69A270EB92F348B27BD50DBE1E4D3F2FD09
380,2047,496,191,0.2423058133854421,DF9FC29F7AFA6A59D2296B986EE1400511F4A4C38BEC554E12EE167F71438646A2CE045259699C1477477F4B686A2272988DB07546669DA573E306B119BDFCA566C003CDF63DA189D8EB2DCBF9239384B4F2F1447BD4BE16BE14FA7F53006E94BA30666B0B8362D4CB29EEA940D5158EDB682BAC7F7FD2CD3A9C41EB71A74A70743170DBA1BEBEB88C38733BC4EB936A65DCC6FBDA412092380CBD38903ACBF3616D0F81A8C06674D22472C48083E4F22C03FA37B34A1C2E2864CB57598B66CACC43
381,2047,485,205,0.23693209574987786,5AE4A89B092A1D61ECEF3AC5C4285997D2B25FC1E20DE8CE7D43C4340021BF9F0A700BC4121C4ADE9E06870321E863CAE21F115DCA6BD89FE07636D307F596AFFFD0ED1D167A56B9B600A9C96670767354B4A5FBAE4036416660D8F2D95F1D8EE14328FC5BA8DAA780A8CA07ED493C88A558D94673A4EAC651A5D0CF0128BE6DA12B006EECCF6C9E1DB277FEB8691ABDE063C5996CD0FABCF7B6DA972CFA4A11FC9CBCD143B827F4003ADEBAD72A0B21FECBCBB527A701F5B8388B893C07C93707340E3
382,2047,474,206,0.23155837811431362,226BE985FE8378EE03E0F44FBD3C8A011B5164F243805F6D725BA310AAD628D8F4BA691885CECA5D9CB54E591D1D674B6F1A33A88B9116DA4079A55B53799BDA5CEF9CCC0D5DD246AD0F68D48D941E8AD25C9D64621A022A121F3A76E06A18B8A9208415BBB7F8BF9DE0639D073817F3C0682C044BB90975340A46EB73F5D97455B242AD04A60F085A522780E7E0EC841390CDEC1A0384EEAD70D602660DC60DD5BE7A9871D47B377ED91088CDD9D01A95F67A7C21A0760FAB56D9CAF3AE330BC2CFBCDC11
383,2047,463,207,0.22618466047874938,1B31673E17AD72D2CEDBE520D86E2C0F7F23F45998504493AA4BBE399E2DB42A92EB4D048C907576D04551DBAC6E0B9C6D6838430BFD7B61A7E085D606572606FF26384193D21139CC31FD5B4CC39E257CC38552FE377F16995BEDBC9756DA2E7999CB90E05E7562458B60CA0C69B8B8963565CBA48D6C48086A707B8F8A207DF2826C9A7674C3E2E3832ED07F73AE8D52007BC3BE9FB76F7A978F09E60E12041E5F8709BF8B1608D57A61253E578EEF3AF84FCFCFD7CA7693E2A4B4F2ED8D723C6C70FEC24C9
384,2047,452,211,0.22081094284318514,D5D768E7918EE06BA4AAD1B50179422083FFCB80A8D613CB60DFF075787F3B67F7D83C0F7CBC47FA2A9D233BBA9C6FB176FB9564A58EB99D11B20694DFE8DAEAF453037109983A14C5A8FDAA42CECA3DBF3E1DFBB845DA4DA31B11BA76A2DC748004DB13AFB85155C195A6DA27824D49291C2A16A953BA7DAFC9DF5796DD13773842FF89DC5495142A8D5C93525124D05439E5D4DD1F7AD04CCE0E8873694E58A851222297242D6C67B90C4C8FB5C155EAC0C415955842CB13063580C60D2E47645EA5359AAD7FD
385,2047,441,213,0.2154372252076209,52D4FF5FC7370F1B8AFBAE5BBD055D060F27AB9DBCCC7B889B8FED21BC5F28C8A3E61440D7A2AA30BDA7F116DC8C1084FC952676CB22F00CB7DD8FE6AE26D5F79B89BE038F023AAAFC3021F57A144E078FCF7C7EE97B4AF78E14AF7B2D7A4A9661DB162AD586B565F352CB588EBF194F31EF6F6877D7B74A8E85002D483FAA22782163AE0D5C6945AE8AD5DA13C6A627ED5ED160F3CFE669C695312F9BD13BE2DA26448DA152C9FC9703D940E195C10EEE9FAB5A35444B7789A1A45DB6F1AF2131E7DFBA07BDC89907
386,2047,430,214,0.21006350757205666,2A85233804A8201C2EEFD715F86322189DF33A8CA6AE6F9DC4845B43FBA167C8F584EAFF927B7D6168A58C427EBF64CB31CD5ABD07866BF308A4C27EF0997B6BC8D75B1574A8559D8238006C6529B8B2470BE95410AEC9AD92EF0CD8D8E9856FCF668261AF113F86509A9A7945ED445094FEDE05AC25A179D311672761F542D8D9FBA197BD552128A3D8C93CCC5C2AFE6AFE63952FE2E2960F5231FBE4788B263B07F56F37F07B357C502C53381A9DFFCE7E846A06AF193719144F08B7CFE9C65B5AE6C0049F40D9DFD6D
387,2047,419,215,0.20468978993649242,1A0BD3DE2B7B371CE5FA1F1D73D80A867698609763BE307898673B970E1F5DF91B2EEB92AE67B6D78C424EA78B8A19F5AE26A61F343F304AD3989653B6F2FFEAAE463172457A1FE9437498A12B9740F1F7F54847CBE0FCFFD0781C6518CAD23E1E59021455EA2887A4BD8533EA39FB79D8DD57623C16CE76C42C58AB1C1457D73821FF0478F2FD196C21862315B08A66142A13C8AC2AED352D0C2C06450C60CE8977B5EF40AB94E8D4013F171F205FFC8DB4DEC994D0FD0A5B97D571D7F4AEFA2EFE8E12D7EB70FEBED2B19F
388,2047,408,218,0.19931607230092818,D866BB7892F3DCAC3AEDED9819ABFACA65D54B629A0FE23AF774F874D4D3A6FCF2BA4AAAF8DAE3D5725D5CB45EC6C8F1CBE84068C89388BA9275A3E29EE0E058B1CB2281D4786A66B37305094CC69C139AF4A89E47709FC39B1EA14828F71FC00B69D2798432F0725FC2104AE875E215230762D6819EF3FF0797621E6FEB941BB49A2A794582F64D4145CDFEFD15701B76577F801558D186E61A8DA46BE0D59E5BA54B3AD6F25A8F9A5505ADD366AE05785C4ED62D5A40DB60D24810079B264971EFB23B9A6EEBBC27A7CC3DF9
389,2047,397,219,0.19394235466536394,5B4FDEC453FB22252D4115427B1465675997D5E0FA03B94BAAD1A860456D03102F2B528497FD2B95A7783B472F7471710A4EB66AE9B81BD2A9B800B7F142871498CE18353543E092F8DBE1F9BE136EC0DE51CCDB99498EB893DC6AFFD2BDDE41BB7391490E01D01A29D4362615B190F7C775500FB6427FFB7CD6A958AF59ED0E5A0D787EDFFB198043E44F8A1D270ACC4A93FCD777C4E05D59CFAB8519F2C0DB4032A2DA2213C22E13E899E331C2611B0DE655C90AEE8B3E084ACDF0B3238E6E5B891BBE44BBDAE36590873907149
390,2047,386,221,0.1885686370297997,3EA56A0483172C701386BB6E630187B4D461C2617A972BD3AD5E04A2F9C9C76F739C4E5168CE8EB0E352FD6DAF9187E155CD4362C3A01B31A65411FDB16F6D7309637DE72514D0B21BC3BBCA4FF92508A9D281D3DE6817AB455311EC70E822CFBDC1B466FF3AE05B2C17839B3014EB6CD0B9CCFDC6AE1004D139D152C1D6C5EA44211DEAEC16FCDA8D43A1E07D3D184446FDE9515509ADDA4E7E02F58598146A4992F78717B59251FC4F3B6D93DBC13534AC6845543F8367BBDD80EFD5A654D87A9B4DCA622B251BD9CD0FCC4A6B0FB5
391,2047,375,222,0.18319491939423546,1D129FAF822EDE0CE75B732117DA65CFFD8E27BE14130591510B8AD1B8EF13CC45B1528E17B663FA9ADCADDDB6B0D4E21855F22C7BFE06D33D5E5A1509FA2BF2D7C310CDDD7C65833883E2ADD62FC193561EFF10CC91A0A01E0F28EC409390A94331B2CBF98628D438FAF7D5ABF0AA5D760629F9667C565B0C507E3091F635C44139A67D9B465752F56646E9F41ABF112F8AD266FB3CCFE40FFA4BA47DAD76671F46244BF0DE43B991E425F8CAEA3E9FB62D79AEBCFED922B6E7C1E7204D1E3530058193A31733BB7F8F1223CDFF417B86D
392,2047,364,223,0.17782120175867122,998006C7E0AB9C50F38466AD328279241548BAD21057F45373147329F13755B99B9DC18AF343CD6CF1270390C438A5F52D1BC604FBA38ACB1B6A27A89AC98FE41AE89D2C759D646E3372A965E1636E5FBCA7EE11234A1694AD810AF007AFB508F59DEBCEF0FF56D86A493CA1F67EFCE464A6DB7E55DB3C8376A40F6905E37F440414B21230D0829DAB28EEBCE25F2759EB0738C4C619E9BBF6F51FF0F95156382986C21A1C9908C5583C0309C05127DA689C9594932D28DC14C70438A6E3C5B318CB911BEF5C4169532FBD2542E2C010915E9
393,2047,353,231,0.17244748412310698,77D45A452AA819AFDCA820551BE8BDA93495E9B457FBE7EC20208DC4382B61D1DF32213B804A538878F4BA835201EC4D18FB0CD8CC01D0B7B20852ECE86F3C09BDF81ECAA02FA2F9D4F6B5933D31C000CB6FF932E978103D5F55E0C9759C0B007727D8DC7F62E872B7C71A45F66A586527AE94B86FE0367BA64B056A0F4AC71E2DB63DC024547BC117254C26C3367D6CEEDBDE7CD4A3DB4DC6B3B964F0ED91CDB7251E78CB306CA75F7DB4C4FACCAEF2DB565C16FAF98A3D8791561DED431E36A8EBEB66D4370CBDDD4404EFB8D7A3C3996A5E41
394,2047,342,234,0.16707376648754274,265478811C135C28FBB12E8DB1C9D3D6705218F4CB3A73A77CEA5750E878D4FBBC78C0C095CFD6F95684724D174EAC3165064C602C265D53D2961133FA7E8F577C7AD347BB46034B35E535295244EA3C57CE6C2FF6515F88D85A821846F10C8E1611DC101FEEEB973AD5135545FD83FA0BDAEC4583D6F88D1B7849D80DDFC9407D6F27D0E70B181153D630A426983FC9408C432DFA0AA37ECD0CB3B5048A391581EC0D62F476362646E483E6A91D7AF6BFE5F1191F2A8D4622B0DE61FF347E3630D91FCABCC52A8BB11D310AE4C108193483F164459
395,2047,331,235,0.1617000488519785,1634380BFA836D14AC7C398ADCF3217ACA6147877F624AB0835F82986B8E68963B77A0C86B4802D86993F352E96825D2DEB8BDB1482371FB601EA8EA2AF9CCE9FA02F4F73E605C7FAC27BE7C74515F380C6381EAE5693FC64617E368CEEE31220D3085B6B7A7A331264B3558FFE973BFCF1FD3C8EB2D98B43AB7E2CD859C755DEFB5CF5EB58892DCF422E1ED868FE7C75D8C314E2DEF810CD67F7A2F169D20378D69B613D4D0DC5A9FC68A82B4519753762D20E995E9147CE941C56DF0A711A1D3DE1180C98874F7FD273856F9E05EC2B4D58B7A3D6053
396,2047,320,237,0.15632633121641426,9B3257A37374A1D1056860E8FDE397A8329EF2B6ED930214B3589BB6100BFC7CD42DDA9027952BA9C427A5FB7BA5B37723CACB34226A1AA9F9ED2F31A8F00BF4284499D2A83861235E182764881C120E91CF925169AB2C0AE0547FA5103AB9346F9608ED76AE72021F3170FEE2604AE5D1016BC41BE35477C7F0118B22E2221DC4D6D5973B7AF3F5D4F1FD45DCDFDA48700F649F031510823DA264FDFA1B453A21764D2C584CCFCECD6D3FA9825BE228FAECD2539A45AA0760B53F651717B4F20158E2B77CA82055145224EB253AF17A474D42C84DB906B1
397,2047,309,238,0.15095261358085002,699E5CCA2D5C5A4C058F403F232C59597899FD4370FE9115D5F5D97FC270261387FBCD4C95997006B81B4DD6EBA8A19976E581F7E5CAB8EAD94D5DFB900A9A200677A19FB5CF7BAEA825C65ED35AE4993ADD8A8801119F87AA143F6D1AF428D8312FA6451674A68E62D2C996E34924B5A5C69BB6EAB92BA96EA941F7B57E39CD1C9CB02F16EF527601515AA4E666DAF532215B5D5F901B84239986456687618FF02C7E9A9B54B582D69329C44BF8C5CE25724A45CDEC910513D78112FCB32842571E1A34DBB76510D4CE5A17F57DAF9A4752C7B31B579D19A47
398,2047,298,239,0.14557889594528578,3E8FE5881132C98D667E43375021F55A7C1650F422E127BBB3E14EC73D8F6808F88FB4F3E7D1BDEEFE99845EB22235277E322214FFFB32B3078BE030F5339115DD8FF874B45A26F68C5D28286D8794D9642E28D3373E4DA8E95BF3BB5043C1A8E9C4A78536E12566F174222C0BEC625CF5605DB2509C71F6F1E8D1D0D99DA62B35C1D84910D49B2BC1B34459937E26577BACC9835E64F876A8F4F41B0617EAFBC424F09B969221E0DCD74AC10AA22F17B34DEF770E1FA35098CE9897A9BB942DB2C793242E2EB97B117D754F5EE02A051D32EC2B181BECB4BBD15D
399,2047,287,245,0.14020517830972154,1CFF9047EF34D9FECFCE8038E1EB9D7FD948B85D07624406E694A6BC9A7BAFA46C0B5D27D389D645F189F3DD2CFBE42A296F13F6A30DDBC3B8C78D8D339D233D53BDEF482C8821479CF25DE2540641CA5884DAE10DD0A38967C3C448D81C2DA0A7845B621CC0054300153F090E937042CC7135D8B52F3B9595534C56916A9FFDA9067F4F700B2BA8CD2CEDE2C509245CE8F4DA99267BD3B90498E05854925C9C3EB3035EBC0C0036D4973B10AA3380B52509BE2FFFC862BBFD212E68F1F8977E2BF6064150D9BAF8C0671C5C2BF011C1F3F509009D5FEE1777A1695B1
400,2047,276,246,0.1348314606741573,C5012AD4447E682F68FA06019B37CB6D296FB8127C5EC9D19AA2EF507AB237AB00919E114ADE69B8032923F3D7FF272895A2A6F8FB46BC1BB84A6D677A617A1E90AF190083EAB8CC51FA1A45FD6564B2B7A7252B10F824CA1F3CC5E3016AD597199B8E58F2B364A81D93602877EDE0D35531A72AF7355667622E0AECD389134B32CBDD026656AF74B2677010E777555B46F8367F72954F046B61741E6659B263FC5792DE9D5375E181FC5BE531EBACDF78520BB70E17B10F02CC20655F2EEAAEDA741361EAE6D169BCCB90D42C4F2881BAC1A6166F05A6457A25439241B
401,2047,265,247,0.12945774303859306,4D9902CE3A04261B506878963558B215A4D46C7BEC45E91462C8DA70E0040E255CAA9D0A66A2B88AD5A1CAF148D038B386AEF7F2D3AB8968C18874ABAAD54C5936476123C5F659CE8D2DC2D1B8B173585AB9AFE0AA19364A84B2058B399882926DDFB844EA5552F03D6C672044B135C34BD1C70A720E5E7C73307FECBE4F67247CFF8292874A65E22B1ABC67C246C13065B0996FA742196995FF7966490FB96968EA7B0C661ABEB79F188EBD7CF9DDC6FF958B7767A34B51E788444216E15C2527D6B24F8608242E99389C98FA34C00B90C8B6F4671F36018E8CB0FCB3A21D
402,2047,254,250,0.12408402540302882,22E81C7DBED5BFD39FB53CFF13196939DFF6B1B3B1E70A377214A80A3E404924A02A12467F497F24846925482AA59083EB3D8FD42B851AB45A6AC831192210668133800A1D4C4913BFACAA87AAEAB88CB2BB27868C19CD35BD2570F19E57063E94D9CEBE5817C6F6043D8C3240F0DF4CD171A27B9461BE3A6C4EA5BF54029EE011C3162EEE6372D9023385934C24881CC915A1DC95E1D667E67F550AE3450139964D426EB6BF74D0089978F8CCF05511DCFCE2BD3E2A2B3868457307014D5AA4FA9B2531A1252DAD06D2A6F44D5A8EF169DAF808A2AE54B47DD379A5F93B561BF
403,2047,243,251,0.11871030776746458,12892BD53C438C5E8A43CCC1727A49FCF5D1B32DA011F867E83C6455539FD7E93FB40CDD4B51F253CE2163DE60DA6393F4CA02F20697B36C75CEDC743CCB2F72544D92DDC1F1AC30C58400A08AE2C99C77ABE72D944E27610B1380D94C07C9E83CB11A89FAE9D53834853328F446F5514E3A28B60FF0D2FFB3D5BD3712393DA11F124444E194A01294F760785EFE3895821B8E0BC6919A7B1DB95EA3A4D183905679470B1F70F1931DB018EF8FC57F9F0CF6A2D9AF1E72A49D09CF0A2B0FFA71CC5EAC47FD3D689564B5DA772BEA67CD5D0631452F05D93F058E5279A3F0824827E3
404,2047,232,253,0.11333659013190034,B38CEC0C41CD542C3D09DBBB93883D27C0CF9579B40E92C73435B9CC6E7D8B0E05FCEAA1525796135932DF49261A9EB53D0FC83F1B7221FEC48938F8CD8CD2CCA088200A079E70AC09712054F752726DA3377F0C79528E3A068AF8E5C29D1C2A32A5FBC3DBED9E6A3223F5D93B64EFDD1F5DBAA7A7E95E180D515C24D87F412E4CB362403053E5135AF8635EFB7B7D699D3ADA76948FC92816FF1025A537764F07122DD0F56C86F1BEA6C56103A842B6F8ADC49107FB53DEC18998131072A80A3C6D44F69422EEBF7E12C710238E04505E281930EF92EBB100F601B0D8A772087D3A9B
405,2047,221,254,0.1079628724963361,709EF190914FFA3C39E24705A4E78ABFB5DE6C557352DA09F308516EA00F33A680CF8859F56D22A105FF9116B560DB0C3E30FB5F3F896225451FF158227680BA8280738DD035C983476D9A67F1B5978569FD251572EEB1693FF25F9D08D1AF680C412FEE491981E2B827B2F6316D04122A157C9A04A236B8A215F2B8B79812F19E67154CA1B08522F4F6FBFCD6E9D36D69C4906E610C039996F364AF9DCCC3ACCD44B95B69740B1AEE7BA61EC773A377F3695CE5276D26E7ECF69C32515370C742E244E429749110DF5521E92D32287FEB7D229A146445FD1F110259AB84FDBDC0A2A2977
406,2047,210,255,0.10258915486077186,234C5940E2973531A441BDED3251C7F5C0FF357CC254D48B7D52AE49C5C2A340FC009F90AC9D1D7D552CB5F861F444B84723FD9E059A50EA5A96C1EA5F1E472026D1BA312DEFD84A4F3584CD3B296D1E130B28338EFEA031969E990635666D0BF070B2195DC0409F7216D25140CAC5FF73D6DABB1250126ABD4936BD73B82C6504CEBE7DBA89F2F0C7BF3BCD52A97D610E9A129D6957355257AF2907736A6D02EB27B6C09DC5193CFB7B0B1D14F4FF2645DC59C29137FE080B079785C93B9163430A2CDAC5A97B6AAAC4EABEE26C1C5E59DAB26DBF01962178078E6EF18BE5FB9187B44086FD
407,2047,199,341,0.09721543722520762,155104045AEC4203EBF18B79A3E191E40ADFF0ADE3C4ACA1F1FF34293D30B23EF6019E023033DE3B9C18BA057EF59EBFDDCEED4BAC8A9FA6B4FB01C3269AECAF7538A970CC79815CE6C3CD76245318B8ED406899E264EE242414C362D7B387C0FCB0B2D5CD14157A6CCFC22FC0CB78990A103B60F1134639B00DE95BD70B149B423F99BC45F90C8BEF59221E6C374AC0443387FF0B461E3FD472606159DB5105720092C3536A05001C8D02F463EC06BB120465576D9857BDC04A14DEF0265AA9E37DCEF1F1B9B91FA96E3599A26D2D1A74781540CE988F5E6448AB7CCCA57C99F6C4E9D835F1C55
408,2047,188,343,0.09184171958964338,EEDC7062A01BD3F9D3BCB09D5E8143E541641466CE52CCD5FCAC786871213EE409C56F9DD49D61C287945D486A580C1E0E8792E64E00B2FB3AD96FBCBC55DFD630A33DF21277E90E9373906DD2635743DC9ED3546004A5A86B11EEDF45FF02D0181EBACD3C89EB0917AE278D5940D1005DD6505C6DA4D4A1D82698654F46B105C9DBECA4E5A6942FC9855D98A7427BBEA17A83E34D2D2F34EEF6E71157B94A7F311C6091AA60DA018C54371D8815B456E8CD9041105FDD3925E5A76F47B6A9719DE2A71FEFD03F173666F7EE3526B1AE4FA4F601FC8599448F8C9707EB0652508700A3DC7B79A1411
409,2047,177,347,0.08646800195407914,52625D4F5AAA14A8783278EF9596157FEF8736A7AF5FE4A544C651637FD2088EA4C77C06D1D4C2C116CDEB25CDAE0F34E5650FD295C101C2B22D66DABC1CF16ED4703B0D5616E12CD898082CE0D744738A9F0CD241BDF85B1B759233634882BF0074C69890A5F684B354D9067267C14C631C51D29F094112E5CD0E1132EF5B516C602FF4030A329136723B302B00036B3CAA68F1B4E679BB08386902358C174A09209F4270979D49B373440FCA1FC6E74ED35A54BF37D0D6BF5E5A88E5BCD106E6A1601327B38E63CF371A0B82F185391BC9FC1C589D6318660E59855BE1191CD112DF6CCB427A0EEF05
410,2047,166,349,0.0810942843185149,202F2D20EC521BB49F75D7A4DC9B9EAF1D276D6DF7706BB4E7B16ABC27652D051BBFD6A251BF528D6BE581FE8D185FC09A56B49A77E99243681CAFB303108481016BC4BB72F307E2FFE950E6F58B65DB7F8A3BC9B365E5D64468E732D71B36DB6E465A13E861EEB5DBE3349CC29F639EC548B65493B981114F715AC9B999069BEA16A58E1CB7879B3379B9831A5531C9598348C1B333A869E15EF42D505F5F4F786F99B6BDE1B21F67A5F5A805B90B113AB033F719127480AC098BD6F7E51B681DFB6AED0C6221541F7D0C3471460CD63F076204C3A37EDA1017D7226973AFAE41605421B081F9905CE164D
411,2047,155,351,0.07572056668295066,1128DB9EFFF9BDF5A56C4EC159FAB9DE9A3C06466F133BC89A9A36B543F22BED1320562BDFD070E2CF52C039ECB54DF79D12E817C373E127311325289282C99BB14F036B76205CDB014406E7F3EA2C17C2FEE8768E8289493F4CB99F0F4B806EDA88C79616D63B6E3C88ABDCA89C47C368AC5DC5A964CB09C3452B2D7BA7D20DE07D9C0BBD09E3DC7A9452AA1FFB347A9C103445D12B7AAE736E15B5357E3C64E1F678AF46EFDFB5BDF8C5EABB77AAAD9A5021478480C55E6BAAC730C3CDC94D938476FF3DEA007F3B906AC3FDB5BE257170DF83A08A70DDEFF44F66CA5E6576CF669AD52AED0A5F3BFC42FBDB
412,2047,144,363,0.07034684904738642,C4BF9F9382D78FFBB8281180DFAC1B6C4D8EC440F9065934D479F4172FCC6C4FBCE76439098969D67309C2F6AED56053BE8574637D0B60482530DBB8D038BD4404096C60F8EE1DDD50881B97919177D777828AD879779FBB2F3DA6412B6B437E9DED20BFF91477C54CC1C19E331AC9EDB0800DC19ED68CE20A7F4A24AA804A74F941E0BA019D9F338A54D40A7CA895023304BB18046DE872EC6CB6127FAA986E66E7E04513B2BF0653A30BA9D5E24473D86D0C3BE9BFD48AF40ABD4C0951C3CED589A60F8FF6B03F26BA9C4A099C43F93AD5D577FC112ACEAC59A2E1B9B1BE5A5662511D13D21F7E8459163D2E5F
413,2047,133,365,0.06497313141182218,46C4116B328617F90C737A3D877359DFCC457E354F57EFB12D747A0D343CC49DB33EB339F6E60562A4B7BC24940FEF3093BB08DB4EB69C995AC1A5B220C5AEFB220A8E36A1F8317CF5A52A4D315A2365F47571688242DEF2A42849F117B411F1D7D58133F18925DB327F92945FE5983337A8BCE0D407A594AAB59C6CA212E28F7BA984149CE129ECE3650F5894D3783046AF33A7BF6B8B8DBC9ACE84D9470A53A260A965ECFBFA40C9B8557EE7C763DD1D7E9371CB1F1B315296D11CBD1BAC410DB305081F7DAED506FBCE83E67A14DAD29D44F2BD349C23D714A59B76918F14078347F3EC592FBC9FE14EF9C7D808D
414,2047,122,367,0.05959941377625794,3010079865A1AEA8842601F57D1D8998B5157BFCB3DC2AF6BE118230CD4E25074DC447D60541E1EE5A3BFF837BACA613F96C2C930EF94D78AAACD0E387CA98147E7E4968A5297FA8FC1E4CB13283636A37FE3EEB49DCD4FF8D56D5AA704FCAF6A760EA172F7D86B69CE599EAB2E2A13C0AD87C876296CCD823FDD129CF5C876C1414E4A83CB9EE51354E722426B20667713C9EB391E9B30BA6979CE52ADFF827022A183A5D7FC3AFCDE62B04A6FC8D501997029CB6FF08F9A54F44594AC97554723AD6F26731AE89FDCDB51748F2DAACE9202D20E77432EF3BD73FCC517CCD2BC2D744DC02228A577465D7AFA45A32843B
415,2047,111,375,0.0542256961406937,1917F6E7A75A8C191D078910BD1DEE86AB8F684B0B8C2A3039065CFFDD900E3B99CAF15718713E3BB139AE83368020A8FD52BE230BD0D3F272F6493D4395E30D75EFD577C065329F73AB49ADE017AA68B0E994563A3B700EB478FC880CCF6356353CFEF96FB077463D8DAFC87DFD7E720DCCEF48F7DCBCB3238037832C5712F0C302FFB96782F034D5D9A6A665D64AB248EB409B09536CF34E5D58DDF0F5063BC7BA22B3D6F4E88C06F231E3185A858BBD4C20E7E72E5133420433F6B20091803789B4F6AC2B71084619789E6E62941D54B22D330C025E33FCAB4B1B2052BE60F47DA4338FCE16449576A36470611D6429B47
416,2047,100,379,0.048851978505129456,DDA462DEC56DFB19FC032FEAFDA7D30D063D496D7B45AB2EFCD0B40FDE2408A1E57B20184A4A8EB09FF66CE689F4B45D747638E121D3913C90F455FFA6264C51298065F3DA3C2D2270E3AAA53E01F71D31442C83E58A33AC112DCB9F9493DF7E956727418098642A2C7ACB5E96762B53AB02E35D8FAEF5A12EB71161486311E5EEC566AD0D5E92D9397F81823998ABD9A6792EC9DE159E71D9004A107172D7DB64DDD18C0FBEB175F63DE910E728BAA76653B24EA547490EF1F988BC0F8A5239113A3891EF40CA112E3C858D023F47B5E370DD98EB559DDEE3B6BCE62A0D3A9F08C0CAEB3088B5938F391D86D58B574E6D5C66D
417,2047,89,381,0.043478260869565216,4B50016F1031C03CFD0B5A7C04476EDB2EE5693AFFD0DBB90E55E32E89BF2F5D0D5A73AE3F5774AB80728CE4FB299BDF07C2370FA2F70F18CE30F48328A26C7FB03BCB4A0009F554D6DFA49FDA818D7C073EB94BC46ABB89F25FFC4C033CA936FE2089277C1FFD7D2F3CE51CC92F599A2102F196414E1178BBD704346D809588290D370F76396AB4BA15ADC98018881BFF37597D5C0FAF80767D09E13430E31801FFBCBB6E29D626025C093F96247235123AD9C013325AFB9CB1F37E533A7B1F6022A860064E3A39FEAE52E2551A53EE9A9D7A44778C32E59D8F6F2B9A500A8AC72DF26FCF254925291C944A6517678324F2C6146F
418,2047,78,383,0.038104543234000976,383211DFDB956738BFA970171F1150856484469975F5B37423234A1121818755996BF241E6B69C3228F784606E2C4F538192289AE955E682192DEF32FD2391029C514DE388277157D2DB72682DA80A1EAE35C40E93C6B9FAABB1AC9E22D97D31429D7094708618754DD487CBD687B604FEB0F58868F44A07EA6E5A4E574F49717ACF0EAAA637392CD117E55AB07015FBB4FB39DA22C39DB5B43A20ED2E72C2139F2DA01B4417651F9023F1F4452A48AE6745188BA2A9EEB822371ED50A1A2BF6DE90F9993C20E38488D553AA72DEB9155327D98A35D23EB6D6B926ADF9704757E5A744E1626A75F9B45023089A856692092554CB9CC43
419,2047,67,439,0.032730825598436736,18A7DAF92927653988EF52EF0BF5771FC5A823F4F3F99E0B94A6E99516DB72AA06CEC501B41E29A982E032061A59A43D2E5BF8DD9452D14184192BBDCF35721926D20FCAB02584922CB4969ADF14F667D77BD05E3CDD1A8FCF14F3A360DAF2077F6275F66C6C20CAA99492AF9B90B96FCBD430D76F0593EDD148CB75EE8882BC63FFF594EDB25C6B81A476C8AA2A7E09B3A2FCC1B0956B1359368FE703EC8084B727617564387E6E8D7E98150563B1243DBF4F951C33D710C4DE09324CB549B390C015902AF98167213D0E9C40CC936BD2C37FC8ED98F47B815BF75D5B27C87752A6C392242A9FCED1C802F4EFA964C29E0DE2B18313D573
420,2047,56,443,0.027357107962872496,A33F240C1B22973FE5F626FB925EDF4DEE2AE6ACA0804F73C5E60808E48D37BAB240EAF4329064552ECC719F95FD9C3AB07AF7329BBAFB15BBE5254695F7A2DF79B0D5984F65D1AB8D73CD1A6A43BB883C0E7CE05CB8ED3422738324E23D7AD148D92A68F8357F39E0C29DA1AE44ADEA369FF095FD5A51D5EA790821C8CE3E46061B86648E6CBD479F7755FB1569014A88EE3D6A4511EA7D107D01CF696A4B8F1820A5B98D44D5FC77BEBFD2B03E481DBC424DC29B3C02EB2124ACB9FFDA1B49BE95BC70411BCC457A043B1DFDB1FCC552A5C3132B9E77F8AB5BB7CF7A537DAB0D8DFD32E85FA31B1945C4BF363BAD57125893BC8EC3788E05
421,2047,45,447,0.021983390327308255,48B275D7D4A6CB49C4B730F2060ACBBA3A8165219C70F183244AFA48092DA1EB70016EFBD283590A2DD0BCAF39B25DF0F962F914570E1A1B868A0CA1C686D179E483FD74B70B7BEFAC1C41CD81820C157EF0145C61EB793A7D3FF8DBF7A29C1D184EAC2DBFAA93B5CB429D8C6C93F46A7B53131E222FF592F6D2B4CAFF9E4E01C2220D3FD447A47FFFFE87858BFDFAA611B5F9D791CC74104C1FA73AE42657FF5BB17D62CC63128E82358133C6CF27ADB8707FDA6E5327595E4EBEF2CE4A663A28B22DED6EDE36D250E50E8A47CD92019AF73508DE1E037969E58DA24E22A53AB2AFE49285ADA2372EF66476B768A8BF7D916E00268864643A6B7
422,2047,34,479,0.016609672691744015,29C9CE658A0A0ECC9B22D0FD72C431E4355C705C125B20F8ECBE403968A009B842D98C761EFE8A6A40682514D760EDF70D1BB64957D9BECDE9345EEF99DF6733683B6683FFC9F4EC1A432E8F8D814F2804B138E3B49C47F1620388FBAC9EBA36BCD8E46EF4B6BD6C4D98E8D51459E0BF1E9E058E65569C23E1AF90CD5A35000DE553018A99E8907937FF7B72A4D75DCD555431ACE4485682E8409F07142742D0330B4BF3690E906D00474D449296304F3FDDBEE3DAEDEA648FB44E74237DF4535723ECF2AF2208FBF00F648DF68F270B87A0FEE008BB03C457EB8D56245A0A1750D58F90E141501065DDA9582F92505C3ABBE71B35FB0172131A8AD9
423,2047,23,495,0.011235955056179775,1CAFB3E88F57ACA27C4EC820C8E36B11DA3AC73AB916A37C2F8766F59EC60C0FCF787648F6351AC81B8D3F88110EB6E0365E32B02AAD30598B3E3F1C839B7C4CE606B2A5582AC34F34BDC6840BB63D84D1AD4E370CC9CEA0453F30D7E6A9AB36E30F6B75D5000BA596817AFF477F34674E8AF20A2CD88FC27B1E71E31789E75562E3698971DED9EDA63316C8ACAA1C4BC32A52222C2DDE56833BE7C7D279DA8E7BB8DE212AC6AF83A2E71866E2C486929BE8E0074735487A18BA5A3D6C9998764342CE07D33DDCCFDB7BA0492689FC59C4E4B6D268DA9690566B4DA6748D0AA7F564A7B3FC6FF8586D554F106BE82958A571F018F9B84347731714F4999
424,2047,12,511,0.005862237420615535,CCD2D1D1AE5D6FBD5FBAA0898DA7A3F6016643C6069970EB28B72149B8F5810CE783F354BB8A0DCD07B3F4AB88A723E3561164E928E27C95244938E0D67BC0ACDD2FB7F401331E1A9A25C907194F12B1DE503B35E10319E5A908E72948ED82F37E156443935B45EC57915B10B18B0DE7A95DBAF5D4513B1F4FED57BBF5FEFFD55111B1A1A309E703E603CCAD22E37CBF8AA776BE8A8DD850C4D384A6DC2F9D5AEF7D40466C3D351EE57C406CC2D37B40B98A5890DB2F48126496DBD0AE77C15311E4FC7F955BBA0A32349EDA85D905B3A1F6543B9F5ABA209CDAD084D92F1D4FB80A676942463960E98259C5AC5D3AE083261C3061965BC5F900E67C3F9FF
425,2047,1,1023,0.0004885197850512946,7FFFFFFFFFFFFFFFFFFFFFFFFFFFFFFFFFFFFFFFFFFFFFFFFFFFFFFFFFFFFFFFFFFFFFFFFFFFFFFFFFFFFFFFFFFFFFFFFFFFFFFFFFFFFFFFFFFFFFFFFFFFFFFFFFFFFFFFFFFFFFFFFFFFFFFFFFFFFFFFFFFFFFFFFFFFFFFFFFFFFFFFFFFFFFFFFFFFFFFFFFFFFFFFFFFFFFFFFFFFFFFFFFFFFFFFFFFFFFFFFFFFFFFFFFFFFFFFFFFFFFFFFFFFFFFFFFFFFFFFFFFFFFFFFFFFFFFFFFFFFFFFFFFFFFFFFFFFFFFFFFFFFFFFFFFFFFFFFFFFFFFFFFFFFFFFFFFFFFFFFFFFFFFFFFFFFFFFFFFFFFFFFFFFFFFFFFFFFFFFFFFFFFFFFFFFFFFFFFFFFFFFFFFFFFFFFFFFFFFFFFFFFFFFFFFFFFFFFFFFFFFFFFFFFFFFFFFFFFFFFFFFFFFFFFFFFFFFFFFFFFFFFFFFFFFF
